Electoral_District_Number,Province,2015_Bloc-Québécois,2015_Conservative,2015_Green-Party,2015_Liberal,2015_NDP-New-Democratic-Party,2015_Other,2015_Vote_Total,2015_Position_1,2015_Position_2,2015_Position_3,2015_Position_4,2015_Position_5,2015_Position_6,2015_Number_of_Polling_Stations,2015_Number_of_Electors,2015_Percent_Liberal,2015_Percent_Bloc-Québécois,2015_Percent_Conservative,2015_Percent_Green-Party,2015_Percent_NDP-New-Democratic-Party,2015_Percent_Other,2015_Voter_Participation
10001,Newfoundland-and-Labrador,0.0,4670.0,228.0,23528.0,6075.0,7585.0,42086.0,Liberal,Other,NDP-New-Democratic-Party,Conservative,Green-Party,,231,68487,0.5590457634367724,0.0,0.11096326569405503,0.005417478496412108,0.14434728888466472,0.18022620348809582,0.6145107830683195
10002,Newfoundland-and-Labrador,0.0,3534.0,297.0,28704.0,2557.0,0.0,35092.0,Liberal,Conservative,NDP-New-Democratic-Party,Green-Party,,,285,62462,0.8179642083665792,0.0,0.10070671378091872,0.00846346745697025,0.07286561039553174,0.0,0.5618135826582562
10003,Newfoundland-and-Labrador,0.0,6479.0,271.0,26523.0,2175.0,0.0,35448.0,Liberal,Conservative,NDP-New-Democratic-Party,Green-Party,,,239,64226,0.7482227488151659,0.0,0.18277476867524262,0.007645001128413451,0.06135748138117807,0.0,0.5519260112726933
10004,Newfoundland-and-Labrador,0.0,1716.0,0.0,8878.0,1779.0,0.0,12373.0,Liberal,NDP-New-Democratic-Party,Conservative,,,,86,20045,0.7175301058756971,0.0,0.13868908106360625,0.0,0.14378081306069668,0.0,0.6172611623846346
10005,Newfoundland-and-Labrador,0.0,5085.0,1111.0,30889.0,4739.0,0.0,41824.0,Liberal,Conservative,NDP-New-Democratic-Party,Green-Party,,,264,71918,0.7385472456006121,0.0,0.1215809104820199,0.02656369548584545,0.11330814843152257,0.0,0.5815512111015323
10006,Newfoundland-and-Labrador,0.0,2938.0,500.0,20974.0,20328.0,140.0,44880.0,Liberal,NDP-New-Democratic-Party,Conservative,Green-Party,Other,,191,66304,0.46733511586452764,0.0,0.06546345811051693,0.011140819964349376,0.45294117647058824,0.0031194295900178253,0.6768822393822393
10007,Newfoundland-and-Labrador,0.0,2047.0,365.0,25922.0,16467.0,0.0,44801.0,Liberal,NDP-New-Democratic-Party,Conservative,Green-Party,,,191,67596,0.5786031561795496,0.0,0.045690944398562534,0.008147139572777393,0.3675587598491105,0.0,0.662775903899639
11001,Prince-Edward-Island,0.0,3632.0,1434.0,14621.0,2503.0,295.0,22485.0,Liberal,Conservative,NDP-New-Democratic-Party,Green-Party,Other,,93,28889,0.6502557260395819,0.0,0.16152990882810764,0.0637758505670447,0.11131865688236602,0.013119857682899711,0.778323929523348
11002,Prince-Edward-Island,0.0,3136.0,1222.0,11910.0,4897.0,0.0,21165.0,Liberal,NDP-New-Democratic-Party,Conservative,Green-Party,,,84,28129,0.5627214741318214,0.0,0.14816914717694307,0.05773682967162769,0.23137254901960785,0.0,0.7524263215898184
11003,Prince-Edward-Island,0.0,6185.0,559.0,10521.0,4097.0,0.0,21362.0,Liberal,Conservative,NDP-New-Democratic-Party,Green-Party,,,90,27858,0.4925100646006928,0.0,0.2895328152794682,0.026167961801329465,0.1917891583185095,0.0,0.7668174312585254
11004,Prince-Edward-Island,0.0,3947.0,2066.0,13950.0,2509.0,0.0,22472.0,Liberal,Conservative,NDP-New-Democratic-Party,Green-Party,,,83,28629,0.6207725169099324,0.0,0.17564079743681024,0.09193663225347098,0.1116500533997864,0.0,0.784938349226309
12001,Nova-Scotia,0.0,6246.0,1281.0,32163.0,3547.0,0.0,43237.0,Liberal,Conservative,NDP-New-Democratic-Party,Green-Party,,,220,60785,0.7438767722089876,0.0,0.1444596063556676,0.029627402456229617,0.08203621897911512,0.0,0.711310356173398
12002,Nova-Scotia,0.0,11418.0,1834.0,25909.0,4532.0,570.0,44263.0,Liberal,Conservative,NDP-New-Democratic-Party,Green-Party,Other,,226,60594,0.5853421593656101,0.0,0.25795811400040664,0.041434154937532476,0.10238799900594175,0.012877572690509003,0.7304848664884313
12003,Nova-Scotia,0.0,12257.0,1650.0,29527.0,2647.0,251.0,46332.0,Liberal,Conservative,NDP-New-Democratic-Party,Green-Party,Other,,220,65461,0.6372917206250539,0.0,0.2645471812138479,0.03561253561253561,0.0571311404644738,0.005417422084088751,0.7077802050075618
12004,Nova-Scotia,0.0,7331.0,1775.0,30407.0,12757.0,0.0,52270.0,Liberal,NDP-New-Democratic-Party,Conservative,Green-Party,,,204,73710,0.5817294815381672,0.0,0.1402525349148651,0.033958293476181366,0.2440596900707863,0.0,0.7091303757970424
12005,Nova-Scotia,0.0,4564.0,1745.0,27431.0,19162.0,130.0,53032.0,Liberal,NDP-New-Democratic-Party,Conservative,Green-Party,Other,,214,73379,0.5172537335948106,0.0,0.08606124604012672,0.03290466133655152,0.36132900890028663,0.002451350128224468,0.7227135829051908
12006,Nova-Scotia,0.0,7837.0,1971.0,34377.0,5894.0,0.0,50079.0,Liberal,Conservative,NDP-New-Democratic-Party,Green-Party,,,243,70515,0.6864554004672617,0.0,0.1564927414684798,0.0393578146528485,0.11769404341140997,0.0,0.7101893214209742
12007,Nova-Scotia,0.0,8677.0,1569.0,33026.0,2998.0,416.0,46686.0,Liberal,Conservative,NDP-New-Democratic-Party,Green-Party,Other,,221,67213,0.7074069314141285,0.0,0.18585871567493467,0.033607505462022874,0.06421625326650388,0.008910594182410145,0.6945977712644875
12008,Nova-Scotia,0.0,7186.0,1341.0,23161.0,16613.0,0.0,48301.0,Liberal,NDP-New-Democratic-Party,Conservative,Green-Party,,,200,68040,0.47951388170017184,0.0,0.14877538767313306,0.027763400343678184,0.34394733028301694,0.0,0.709891240446796
12009,Nova-Scotia,0.0,11905.0,1534.0,30045.0,8883.0,408.0,52775.0,Liberal,Conservative,NDP-New-Democratic-Party,Green-Party,Other,,256,76181,0.5693036475603979,0.0,0.2255802936996684,0.029066792989104688,0.1683183325438181,0.007730933207010895,0.6927580367808246
12010,Nova-Scotia,0.0,4360.0,1026.0,29995.0,5351.0,242.0,40974.0,Liberal,NDP-New-Democratic-Party,Conservative,Green-Party,Other,,204,59994,0.7320495924244643,0.0,0.10640894225606483,0.025040269439156538,0.13059501147068872,0.0059061844096256165,0.682968296829683
12011,Nova-Scotia,0.0,11916.0,1904.0,28775.0,3084.0,0.0,45679.0,Liberal,Conservative,NDP-New-Democratic-Party,Green-Party,,,233,67059,0.6299393594430701,0.0,0.2608638542875282,0.04168217342761444,0.06751461284178725,0.0,0.681176277606287
13001,New-Brunswick,0.0,3852.0,1187.0,25845.0,20079.0,0.0,50963.0,Liberal,NDP-New-Democratic-Party,Conservative,Green-Party,,,258,66799,0.5071326256303593,0.0,0.07558424739516904,0.023291407491709673,0.393991719482762,0.0,0.7629305827931556
13002,New-Brunswick,0.0,6017.0,2376.0,36534.0,8009.0,0.0,52936.0,Liberal,NDP-New-Democratic-Party,Conservative,Green-Party,,,218,66891,0.6901541484056218,0.0,0.11366555841015566,0.04488438869578359,0.15129590448843888,0.0,0.7913770163400159
13003,New-Brunswick,0.0,13280.0,5804.0,23016.0,4622.0,0.0,46722.0,Liberal,Conservative,Green-Party,NDP-New-Democratic-Party,,,182,61947,0.4926158982920252,0.0,0.28423440777363984,0.12422413424082873,0.09892555969350628,0.0,0.7542253862172502
13004,New-Brunswick,0.0,17361.0,1823.0,19136.0,8204.0,296.0,46820.0,Liberal,Conservative,NDP-New-Democratic-Party,Green-Party,Other,,197,63089,0.4087142246903033,0.0,0.3708030756087142,0.03893635198633063,0.17522426313541223,0.006322084579239641,0.7421262026660749
13005,New-Brunswick,0.0,6151.0,707.0,20778.0,9670.0,0.0,37306.0,Liberal,NDP-New-Democratic-Party,Conservative,Green-Party,,,192,50907,0.5569613467002626,0.0,0.1648796440250898,0.018951375113922694,0.25920763416072484,0.0,0.7328265268037795
13006,New-Brunswick,0.0,12476.0,1098.0,17202.0,5588.0,0.0,36364.0,Liberal,Conservative,NDP-New-Democratic-Party,Green-Party,,,166,48331,0.47305026949730505,0.0,0.3430865691343087,0.03019469805301947,0.15366846331536685,0.0,0.7523949432041547
13007,New-Brunswick,0.0,11168.0,2399.0,30054.0,8420.0,0.0,52041.0,Liberal,Conservative,NDP-New-Democratic-Party,Green-Party,,,200,71982,0.5775061970369516,0.0,0.21460002690186583,0.046098268672777235,0.16179550738840529,0.0,0.7229724097691089
13008,New-Brunswick,0.0,14625.0,1877.0,16656.0,4768.0,0.0,37926.0,Liberal,Conservative,NDP-New-Democratic-Party,Green-Party,,,183,51729,0.43917101724410695,0.0,0.3856193640246796,0.04949111427516743,0.125718504456046,0.0,0.7331670822942643
13009,New-Brunswick,0.0,12915.0,1321.0,20634.0,7411.0,0.0,42281.0,Liberal,Conservative,NDP-New-Democratic-Party,Green-Party,,,180,61722,0.4880206239209101,0.0,0.3054563515527069,0.03124334807596793,0.1752796764504151,0.0,0.6850231684002462
13010,New-Brunswick,0.0,14225.0,1959.0,17909.0,4334.0,0.0,38427.0,Liberal,Conservative,NDP-New-Democratic-Party,Green-Party,,,187,54145,0.46605251515861246,0.0,0.3701824238165873,0.05097977984229839,0.11278528118250189,0.0,0.7097054206297904
24001,Quebec,6398.0,3211.0,779.0,11094.0,12778.0,258.0,34518.0,NDP-New-Democratic-Party,Liberal,Bloc-Québécois,Conservative,Green-Party,Other,203,63632,0.3213975317225795,0.18535256967379338,0.09302392954400603,0.022567935569847614,0.3701836722869228,0.0074743612028506864,0.5424629117425195
24002,Quebec,9651.0,3425.0,859.0,14733.0,20636.0,425.0,49729.0,NDP-New-Democratic-Party,Liberal,Bloc-Québécois,Conservative,Green-Party,Other,280,82968,0.29626576042148445,0.19407186953286815,0.06887329324941181,0.01727362303685978,0.4149691326992298,0.008546321060145991,0.5993756629061807
24003,Quebec,7346.0,4051.0,1175.0,26026.0,16684.0,285.0,55567.0,Liberal,NDP-New-Democratic-Party,Bloc-Québécois,Conservative,Green-Party,Other,229,83208,0.46837151546781364,0.13220076664207173,0.07290298198571095,0.02114564399733655,0.3002501484694153,0.005128943437651844,0.6678083838092491
24004,Quebec,9836.0,6259.0,1089.0,24557.0,13225.0,203.0,55169.0,Liberal,NDP-New-Democratic-Party,Bloc-Québécois,Conservative,Green-Party,Other,211,78524,0.4451231669959579,0.17828853160289293,0.11345139480505356,0.019739346372056772,0.23971795754862332,0.0036796026754155413,0.702575008914472
24005,Quebec,9525.0,5680.0,1118.0,22093.0,12650.0,0.0,51066.0,Liberal,NDP-New-Democratic-Party,Bloc-Québécois,Conservative,Green-Party,,259,78836,0.4326361962949908,0.18652332275878275,0.11122860611757333,0.021893236204127992,0.24771863862452512,0.0,0.6477497589933533
24006,Quebec,7641.0,2228.0,365.0,14378.0,7340.0,4404.0,36356.0,Liberal,Bloc-Québécois,NDP-New-Democratic-Party,Other,Conservative,Green-Party,219,60890,0.39547805039058204,0.21017163604356914,0.06128286940257454,0.010039608317746727,0.20189239740345472,0.12113543844207283,0.5970766956807357
24007,Quebec,4144.0,32910.0,943.0,12442.0,5443.0,0.0,55882.0,Conservative,Liberal,NDP-New-Democratic-Party,Bloc-Québécois,Green-Party,,269,85698,0.22264772198561253,0.07415625782899682,0.5889195089653197,0.016874843420063707,0.09740166780000716,0.0,0.6520805619734417
24008,Quebec,7467.0,15461.0,1220.0,12854.0,12881.0,675.0,50558.0,Conservative,NDP-New-Democratic-Party,Liberal,Bloc-Québécois,Green-Party,Other,227,78799,0.2542426520036394,0.14769175995885914,0.3058071917401796,0.02413070137268088,0.2547766921159856,0.013351002808655405,0.6416071269939974
24009,Quebec,20871.0,5955.0,1182.0,12666.0,11531.0,0.0,52205.0,Bloc-Québécois,Liberal,NDP-New-Democratic-Party,Conservative,Green-Party,,241,78734,0.24262043865530122,0.39978929221338955,0.11406953356958145,0.022641509433962263,0.22087922612776553,0.0,0.6630553509284426
24010,Quebec,7217.0,31872.0,2032.0,12961.0,8516.0,0.0,62598.0,Conservative,Liberal,NDP-New-Democratic-Party,Bloc-Québécois,Green-Party,,306,92719,0.20705134349340235,0.11529122336176875,0.5091536470813764,0.03246110099364197,0.13604268506981054,0.0,0.6751367033725558
24011,Quebec,18387.0,6173.0,1498.0,19494.0,20641.0,245.0,66438.0,NDP-New-Democratic-Party,Liberal,Bloc-Québécois,Conservative,Green-Party,Other,275,91204,0.29341641831481985,0.27675426713627743,0.09291369397031819,0.022547337367169393,0.3106806345765977,0.003687648634817424,0.7284548923292838
24012,Quebec,14037.0,5548.0,847.0,11032.0,22942.0,0.0,54406.0,NDP-New-Democratic-Party,Bloc-Québécois,Liberal,Conservative,Green-Party,,269,82996,0.20277175311546522,0.2580046318420762,0.10197404698011249,0.01556813586736757,0.4216814321949785,0.0,0.6555255674972288
24013,Quebec,15238.0,7000.0,1352.0,18281.0,14022.0,355.0,56248.0,Liberal,Bloc-Québécois,NDP-New-Democratic-Party,Conservative,Green-Party,Other,219,79440,0.3250071113639596,0.2709074100412459,0.12444886929313043,0.02403641018347319,0.24928886360403926,0.006311335514151614,0.7080563947633434
24014,Quebec,17007.0,6079.0,5056.0,16794.0,14454.0,0.0,59390.0,Bloc-Québécois,Liberal,NDP-New-Democratic-Party,Conservative,Green-Party,,230,78855,0.2827748779255767,0.2863613402929786,0.10235729920862098,0.08513217713419767,0.24337430543862604,0.0,0.7531545241265614
24015,Quebec,7049.0,3819.0,886.0,22234.0,6144.0,997.0,41129.0,Liberal,Bloc-Québécois,NDP-New-Democratic-Party,Conservative,Other,Green-Party,187,71070,0.5405917965425855,0.17138758540202775,0.09285419047387489,0.021541977679982494,0.1493836465754091,0.024240803326120254,0.5787111298719573
24016,Quebec,10252.0,6724.0,1377.0,25744.0,14383.0,195.0,58675.0,Liberal,NDP-New-Democratic-Party,Bloc-Québécois,Conservative,Green-Party,Other,260,85118,0.4387558585428206,0.17472518108223264,0.1145973583297827,0.023468257349808265,0.24512995313165745,0.003323391563698338,0.6893371554782772
24017,Quebec,6071.0,7215.0,1081.0,28818.0,14075.0,0.0,57260.0,Liberal,NDP-New-Democratic-Party,Conservative,Bloc-Québécois,Green-Party,,222,83766,0.5032832692979392,0.10602514844568635,0.1260041914076144,0.01887879846315054,0.2458085923856095,0.0,0.6835708998877826
24018,Quebec,8673.0,3363.0,669.0,12594.0,19374.0,273.0,44946.0,NDP-New-Democratic-Party,Liberal,Bloc-Québécois,Conservative,Green-Party,Other,225,70182,0.2802029101588573,0.19296489120277666,0.07482312107862768,0.014884528100387132,0.4310505940461888,0.0060739554131624615,0.6404206206719671
24019,Quebec,7177.0,24608.0,1256.0,13525.0,11690.0,0.0,58256.0,Conservative,Liberal,NDP-New-Democratic-Party,Bloc-Québécois,Green-Party,,237,84830,0.2321649272177973,0.12319761054655315,0.4224114254325735,0.021560010985992858,0.20066602581708323,0.0,0.6867381822468467
24020,Quebec,9650.0,16903.0,859.0,13556.0,9306.0,182.0,50456.0,Conservative,Liberal,Bloc-Québécois,NDP-New-Democratic-Party,Green-Party,Other,243,76528,0.2686697320437609,0.1912557475820517,0.335004756619629,0.017024734422070715,0.18443792611384177,0.003607103218645949,0.6593142379259879
24021,Quebec,12615.0,5805.0,982.0,20245.0,11986.0,149.0,51782.0,Liberal,Bloc-Québécois,NDP-New-Democratic-Party,Conservative,Green-Party,Other,219,76129,0.3909659727318373,0.24361747325325403,0.11210459232938087,0.018964118805762622,0.23147039511799467,0.0028774477617704995,0.680187576350668
24022,Quebec,8990.0,7270.0,907.0,13619.0,13019.0,0.0,43805.0,Liberal,NDP-New-Democratic-Party,Bloc-Québécois,Conservative,Green-Party,,191,66821,0.3109005821253282,0.2052277137313092,0.16596278963588632,0.02070539892706312,0.2972035155804132,0.0,0.6555573846545247
24023,Quebec,11551.0,6978.0,1085.0,20582.0,15300.0,315.0,55811.0,Liberal,NDP-New-Democratic-Party,Bloc-Québécois,Conservative,Green-Party,Other,249,82237,0.3687803479600796,0.20696636863700704,0.12502911612406156,0.01944061206572181,0.2741395065488882,0.0056440486642418165,0.6786604569719226
24024,Quebec,5338.0,6049.0,1245.0,29974.0,11769.0,230.0,54605.0,Liberal,NDP-New-Democratic-Party,Conservative,Bloc-Québécois,Green-Party,Other,234,85769,0.5489240912004395,0.09775661569453346,0.11077740133687392,0.022800109880047614,0.21552971339620913,0.004212068491896347,0.6366519371801
24025,Quebec,11862.0,9221.0,1270.0,13793.0,15833.0,0.0,51979.0,NDP-New-Democratic-Party,Liberal,Bloc-Québécois,Conservative,Green-Party,,234,81455,0.2653571634698628,0.22820754535485485,0.17739856480501742,0.02443294407356817,0.30460378229669677,0.0,0.6381314836412744
24026,Quebec,8289.0,2398.0,400.0,15345.0,12885.0,300.0,39617.0,Liberal,NDP-New-Democratic-Party,Bloc-Québécois,Conservative,Green-Party,Other,215,65783,0.38733372037256736,0.20922836156195573,0.06052957063886715,0.010096675669535805,0.3252391650049221,0.007572506752151854,0.6022376601857623
24027,Quebec,5455.0,4733.0,942.0,31076.0,15352.0,242.0,57800.0,Liberal,NDP-New-Democratic-Party,Bloc-Québécois,Conservative,Green-Party,Other,228,84377,0.5376470588235294,0.09437716262975779,0.08188581314878893,0.01629757785467128,0.2656055363321799,0.004186851211072665,0.6850207995069747
24028,Quebec,14389.0,3555.0,1654.0,15534.0,16034.0,738.0,51904.0,NDP-New-Democratic-Party,Liberal,Bloc-Québécois,Conservative,Green-Party,Other,242,83088,0.2992832922318126,0.2772233353884094,0.0684918310727497,0.03186652281134402,0.3089164611590629,0.014218557336621454,0.6246870787598691
24029,Quebec,6680.0,6226.0,814.0,29211.0,8478.0,249.0,51658.0,Liberal,NDP-New-Democratic-Party,Bloc-Québécois,Conservative,Green-Party,Other,214,79033,0.56546904642069,0.12931201362809244,0.12052344264199157,0.015757481900189708,0.16411785202679158,0.004820163382244763,0.6536257006566877
24030,Quebec,3625.0,4278.0,1035.0,28478.0,17472.0,552.0,55440.0,Liberal,NDP-New-Democratic-Party,Conservative,Bloc-Québécois,Green-Party,Other,220,79329,0.5136724386724387,0.06538600288600288,0.07716450216450216,0.018668831168831168,0.3151515151515151,0.009956709956709957,0.6988617025299702
24031,Quebec,18875.0,5705.0,1335.0,15995.0,14566.0,213.0,56689.0,Bloc-Québécois,Liberal,NDP-New-Democratic-Party,Conservative,Green-Party,Other,288,86287,0.2821535042071654,0.3329570110603468,0.1006368078463194,0.023549542239235124,0.2569457919525834,0.003757342694349874,0.6569819323884247
24032,Quebec,11202.0,8124.0,656.0,13700.0,14039.0,382.0,48103.0,NDP-New-Democratic-Party,Liberal,Bloc-Québécois,Conservative,Green-Party,Other,233,73099,0.28480552148514643,0.2328752884435482,0.16888759536827225,0.013637403072573436,0.29185289898758915,0.007941292642870508,0.6580527777397776
24033,Quebec,18545.0,4408.0,1130.0,15777.0,14777.0,589.0,55226.0,Bloc-Québécois,Liberal,NDP-New-Democratic-Party,Conservative,Green-Party,Other,240,84769,0.2856806576612465,0.3358019773295187,0.07981747727519646,0.020461376887697825,0.26757324448629266,0.010665266360047804,0.6514881619459945
24034,Quebec,15107.0,6859.0,1235.0,20993.0,13174.0,204.0,57572.0,Liberal,Bloc-Québécois,NDP-New-Democratic-Party,Conservative,Green-Party,Other,218,82472,0.3646390606544848,0.2624018620162579,0.11913777530744112,0.021451399986104357,0.22882651288820954,0.003543389147502258,0.6980793481423998
24035,Quebec,10152.0,18393.0,806.0,10193.0,15735.0,0.0,55279.0,Conservative,NDP-New-Democratic-Party,Liberal,Bloc-Québécois,Green-Party,,284,85445,0.18439190289259935,0.18365021074910906,0.3327303315906583,0.014580582137882379,0.2846469726297509,0.0,0.6469541810521388
24036,Quebec,1681.0,10857.0,1812.0,39965.0,7997.0,0.0,62312.0,Liberal,Conservative,NDP-New-Democratic-Party,Green-Party,Bloc-Québécois,,237,85870,0.6413692386699191,0.026977147258954937,0.17423610219540378,0.02907947104891514,0.12833804082680703,0.0,0.7256550599743798
24037,Quebec,9164.0,3713.0,1717.0,23603.0,15566.0,0.0,53763.0,Liberal,NDP-New-Democratic-Party,Bloc-Québécois,Conservative,Green-Party,,227,84192,0.4390193999590797,0.17045179770474117,0.06906236631140375,0.03193646187898741,0.289529974145788,0.0,0.6385761117445838
24038,Quebec,18792.0,6209.0,1251.0,20277.0,16644.0,0.0,63173.0,Liberal,Bloc-Québécois,NDP-New-Democratic-Party,Conservative,Green-Party,,309,96848,0.32097573330378487,0.2974688553654251,0.09828566001298022,0.019802763838981843,0.26346698747882796,0.0,0.6522901866842887
24039,Quebec,15699.0,2242.0,1904.0,12938.0,20929.0,969.0,54681.0,NDP-New-Democratic-Party,Bloc-Québécois,Liberal,Conservative,Green-Party,Other,232,85056,0.23660869406192278,0.2871015526416854,0.04100144474314661,0.03482013862219052,0.3827472065251184,0.01772096340593625,0.6428823363431151
24040,Quebec,6731.0,9811.0,921.0,25857.0,10710.0,175.0,54205.0,Liberal,NDP-New-Democratic-Party,Conservative,Bloc-Québécois,Green-Party,Other,221,82438,0.4770224149063739,0.12417673646342588,0.1809980629093257,0.016991052485933033,0.19758324877778802,0.003228484457153399,0.6575244426114171
24041,Quebec,13974.0,4961.0,1510.0,18301.0,12468.0,493.0,51707.0,Liberal,Bloc-Québécois,NDP-New-Democratic-Party,Conservative,Green-Party,Other,226,83844,0.3539366043282341,0.27025354400758117,0.0959444562631752,0.029203009263736052,0.24112789370878218,0.009534492428491307,0.6167048327846953
24042,Quebec,7163.0,31357.0,1124.0,13562.0,9246.0,136.0,62588.0,Conservative,Liberal,NDP-New-Democratic-Party,Bloc-Québécois,Green-Party,Other,257,87339,0.2166869048379881,0.11444685882277753,0.501006582731514,0.01795871413050425,0.14772799897743977,0.002172940499776315,0.7166099909547854
24043,Quebec,15873.0,5087.0,1447.0,17468.0,18171.0,153.0,58199.0,NDP-New-Democratic-Party,Liberal,Bloc-Québécois,Conservative,Green-Party,Other,235,85972,0.30014261413426346,0.27273664495953537,0.08740700012027698,0.02486297015412636,0.31222185948212167,0.002628911149676111,0.6769529614293026
24044,Quebec,8900.0,16789.0,1561.0,21516.0,12850.0,128.0,61744.0,Liberal,Conservative,NDP-New-Democratic-Party,Bloc-Québécois,Green-Party,Other,236,81376,0.3484711065042757,0.1441435605079036,0.27191306037833635,0.025281808758745788,0.20811738792433274,0.0020730759264058047,0.7587495084545812
24045,Quebec,6688.0,32637.0,1210.0,13852.0,10296.0,0.0,64683.0,Conservative,Liberal,NDP-New-Democratic-Party,Bloc-Québécois,Green-Party,,251,92372,0.2141520956047184,0.10339656478518312,0.5045684337461157,0.018706615339424578,0.15917629052455823,0.0,0.7002446628848569
24046,Quebec,17338.0,4317.0,673.0,12343.0,7359.0,0.0,42030.0,Bloc-Québécois,Liberal,NDP-New-Democratic-Party,Conservative,Green-Party,,245,75229,0.29367118724720437,0.41251487033071615,0.1027123483226267,0.01601237211515584,0.17508922198429694,0.0,0.5586941206183785
24047,Quebec,5838.0,16749.0,1006.0,13308.0,10386.0,0.0,47287.0,Conservative,Liberal,NDP-New-Democratic-Party,Bloc-Québécois,Green-Party,,234,71653,0.28143041427876586,0.12345887876160468,0.35419882843064693,0.021274346014760928,0.21963753251422166,0.0,0.659944454523886
24048,Quebec,18710.0,6020.0,1301.0,15514.0,17873.0,0.0,59418.0,Bloc-Québécois,NDP-New-Democratic-Party,Liberal,Conservative,Green-Party,,235,87938,0.261099330169309,0.3148877444545424,0.10131609949846848,0.021895721835134135,0.300801104042546,0.0,0.6756805931451705
24049,Quebec,16460.0,6284.0,1388.0,18848.0,14296.0,641.0,57917.0,Liberal,Bloc-Québécois,NDP-New-Democratic-Party,Conservative,Green-Party,Other,204,75693,0.3254312205397379,0.2841998031666005,0.10850009496348223,0.023965329695944195,0.24683598943315435,0.011067562201080856,0.7651566195024639
24050,Quebec,19405.0,5093.0,976.0,14484.0,12431.0,620.0,53009.0,Bloc-Québécois,Liberal,NDP-New-Democratic-Party,Conservative,Green-Party,Other,234,83808,0.2732366201965704,0.36606991265634137,0.09607802448640797,0.018411967779056387,0.23450734780886265,0.01169612707276123,0.6325052500954563
24051,Quebec,7939.0,14274.0,823.0,14002.0,11918.0,287.0,49243.0,Conservative,Liberal,NDP-New-Democratic-Party,Bloc-Québécois,Green-Party,Other,269,78672,0.2843449830432752,0.1612208841865849,0.2898686107670126,0.016713035355278922,0.2420242471011108,0.005828239546737607,0.6259279031930038
24052,Quebec,908.0,18201.0,747.0,24187.0,3884.0,124.0,48051.0,Liberal,Conservative,NDP-New-Democratic-Party,Bloc-Québécois,Green-Party,Other,212,74416,0.5033610122578094,0.018896589040810804,0.3787850408940501,0.015545982393706687,0.08083078395871053,0.002580591454912489,0.6457079122769297
24053,Quebec,1282.0,7414.0,1581.0,29755.0,11229.0,332.0,51593.0,Liberal,NDP-New-Democratic-Party,Conservative,Green-Party,Bloc-Québécois,Other,216,79832,0.5767255247804934,0.02484833213808075,0.1437016649545481,0.030643691973717364,0.21764580466342334,0.0064349814897369795,0.6462696662992283
24054,Quebec,3668.0,4159.0,1575.0,14597.0,19242.0,378.0,43619.0,NDP-New-Democratic-Party,Liberal,Conservative,Bloc-Québécois,Green-Party,Other,194,71136,0.33464774524863017,0.08409179486003805,0.09534835736720236,0.036108118021962905,0.4411380361768954,0.008665948325271098,0.6131775753486279
24055,Quebec,6182.0,2390.0,1443.0,26391.0,13132.0,1232.0,50770.0,Liberal,NDP-New-Democratic-Party,Bloc-Québécois,Conservative,Green-Party,Other,215,79136,0.5198148512901319,0.12176482174512507,0.04707504431751034,0.028422296631869213,0.25865668701989364,0.024266298995469764,0.6415537808329964
24056,Quebec,2043.0,11694.0,865.0,34319.0,9584.0,0.0,58505.0,Liberal,Conservative,NDP-New-Democratic-Party,Bloc-Québécois,Green-Party,,225,85333,0.5865994359456457,0.03492009229980344,0.19988035210665756,0.014785061105888385,0.16381505854200495,0.0,0.6856081469068238
24057,Quebec,4337.0,8716.0,1089.0,34154.0,14090.0,239.0,62625.0,Liberal,NDP-New-Democratic-Party,Conservative,Bloc-Québécois,Green-Party,Other,279,87922,0.545373253493014,0.06925349301397206,0.13917764471057884,0.017389221556886228,0.22499001996007983,0.003816367265469062,0.7122790655353609
24058,Quebec,6665.0,27290.0,1096.0,13322.0,13686.0,0.0,62059.0,Conservative,NDP-New-Democratic-Party,Liberal,Bloc-Québécois,Green-Party,,267,88337,0.21466668815159767,0.10739779886881838,0.439742825375852,0.017660613287355582,0.22053207431637636,0.0,0.7025255555429775
24059,Quebec,10153.0,11737.0,1570.0,15566.0,14566.0,275.0,53867.0,Liberal,NDP-New-Democratic-Party,Conservative,Bloc-Québécois,Green-Party,Other,233,79593,0.28897098409044497,0.1884827445374719,0.2178885031652032,0.02914585924592051,0.27040674253253383,0.005105166428425566,0.6767806214114307
24060,Quebec,22618.0,7053.0,1242.0,17798.0,15167.0,1333.0,65211.0,Bloc-Québécois,Liberal,NDP-New-Democratic-Party,Conservative,Other,Green-Party,256,92117,0.2729294137492141,0.3468433239790833,0.10815659934673598,0.0190458664949165,0.23258345984573156,0.020441336584318598,0.707914934268376
24061,Quebec,10068.0,18505.0,984.0,14463.0,14213.0,384.0,58617.0,Conservative,Liberal,NDP-New-Democratic-Party,Bloc-Québécois,Green-Party,Other,271,85894,0.24673729464148625,0.171759046010543,0.31569339952573483,0.016786938942627564,0.24247232031663168,0.006551000562976611,0.6824341630381633
24062,Quebec,14755.0,6099.0,1136.0,18787.0,17111.0,158.0,58046.0,Liberal,NDP-New-Democratic-Party,Bloc-Québécois,Conservative,Green-Party,Other,224,81528,0.32365709954174277,0.25419494883368365,0.10507183957550909,0.01957068531854047,0.2947834476105158,0.002721979120008269,0.7119762535570602
24063,Quebec,18157.0,4793.0,1436.0,14933.0,17077.0,261.0,56657.0,Bloc-Québécois,NDP-New-Democratic-Party,Liberal,Conservative,Green-Party,Other,245,89667,0.2635684910955398,0.3204723158656477,0.08459678415729742,0.025345500114725455,0.30141024057045024,0.004606668196339376,0.6318601046092766
24064,Quebec,12283.0,2510.0,1783.0,12068.0,28672.0,1019.0,58335.0,NDP-New-Democratic-Party,Bloc-Québécois,Liberal,Conservative,Green-Party,Other,241,84884,0.20687408931173396,0.21055969829433444,0.04302734207594069,0.030564841004542726,0.4915059569726579,0.017468072340790262,0.6872319871825079
24065,Quebec,11820.0,6498.0,1057.0,22323.0,12827.0,0.0,54525.0,Liberal,NDP-New-Democratic-Party,Bloc-Québécois,Conservative,Green-Party,,205,76396,0.4094085281980743,0.21678129298486934,0.11917469050894085,0.019385602934433747,0.2352498853736818,0.0,0.7137153777684696
24066,Quebec,13200.0,9098.0,1243.0,14980.0,15578.0,270.0,54369.0,NDP-New-Democratic-Party,Liberal,Bloc-Québécois,Conservative,Green-Party,Other,248,81016,0.2755246555941805,0.24278541080395077,0.1673380051132079,0.022862292850705367,0.2865235704169655,0.004966065220989902,0.6710896613014713
24067,Quebec,14979.0,6549.0,1281.0,20022.0,17555.0,0.0,60386.0,Liberal,NDP-New-Democratic-Party,Bloc-Québécois,Conservative,Green-Party,,248,88519,0.3315669194846488,0.2480541847448084,0.10845229026595568,0.021213526314046303,0.29071307919054085,0.0,0.6821812266293112
24068,Quebec,1879.0,7867.0,977.0,24832.0,4646.0,129.0,40330.0,Liberal,Conservative,NDP-New-Democratic-Party,Bloc-Québécois,Green-Party,Other,187,69138,0.6157203074634268,0.04659062732457228,0.19506570790974462,0.02422514257376643,0.11519960327299777,0.0031986114554921896,0.5833261014203477
24069,Quebec,3204.0,4957.0,805.0,28826.0,6611.0,128.0,44531.0,Liberal,NDP-New-Democratic-Party,Conservative,Bloc-Québécois,Green-Party,Other,209,76746,0.6473243358559206,0.071949877613348,0.11131571264961487,0.01807729446902158,0.1484583773101884,0.002874402101906537,0.5802387095092904
24070,Quebec,11295.0,9592.0,1144.0,24475.0,12245.0,196.0,58947.0,Liberal,NDP-New-Democratic-Party,Bloc-Québécois,Conservative,Green-Party,Other,276,92352,0.4152034878789421,0.19161280472288666,0.16272244558671348,0.01940726415254381,0.20772897687753406,0.0033250207813798837,0.6382861226611226
24071,Quebec,17452.0,6132.0,867.0,17955.0,18726.0,403.0,61535.0,NDP-New-Democratic-Party,Liberal,Bloc-Québécois,Conservative,Green-Party,Other,273,92604,0.291785162915414,0.2836109531161128,0.09965060534655075,0.014089542536767693,0.3043146176972455,0.00654911838790932,0.6644961340762818
24072,Quebec,13092.0,7529.0,1397.0,22957.0,13945.0,0.0,58920.0,Liberal,NDP-New-Democratic-Party,Bloc-Québécois,Conservative,Green-Party,,281,88533,0.3896300067888663,0.22219959266802444,0.12778343516632723,0.023710115410726408,0.23667684996605567,0.0,0.6655145538951578
24073,Quebec,11717.0,5391.0,1143.0,17071.0,21410.0,568.0,57300.0,NDP-New-Democratic-Party,Liberal,Bloc-Québécois,Conservative,Green-Party,Other,252,87658,0.29792321116928444,0.2044851657940663,0.09408376963350785,0.019947643979057593,0.3736474694589878,0.009912739965095986,0.6536767893403911
24074,Quebec,9858.0,9048.0,1445.0,30550.0,14627.0,0.0,65528.0,Liberal,NDP-New-Democratic-Party,Bloc-Québécois,Conservative,Green-Party,,255,90804,0.46621291661579783,0.15043950677572945,0.13807837870833842,0.02205164204614821,0.2232175558539861,0.0,0.7216422184044756
24075,Quebec,19238.0,6615.0,1016.0,16316.0,14928.0,171.0,58284.0,Bloc-Québécois,Liberal,NDP-New-Democratic-Party,Conservative,Green-Party,Other,212,84502,0.2799396060668451,0.3300734335323588,0.11349598517603458,0.017431885251527005,0.2561251801523574,0.002933909820877085,0.6897351541975338
24076,Quebec,10249.0,11231.0,1032.0,18224.0,19193.0,360.0,60289.0,NDP-New-Democratic-Party,Liberal,Conservative,Bloc-Québécois,Green-Party,Other,272,91098,0.30227736402992256,0.16999784371941815,0.18628605549934482,0.017117550465259004,0.3183499477516628,0.005971238534392675,0.661803771762278
24077,Quebec,4307.0,5948.0,2398.0,25491.0,11757.0,263.0,50164.0,Liberal,NDP-New-Democratic-Party,Conservative,Bloc-Québécois,Green-Party,Other,241,85702,0.5081532573160035,0.0858583844988438,0.11857108683518061,0.047803205486005904,0.23437126225978788,0.005242803604178295,0.5853305640475135
24078,Quebec,9068.0,7262.0,1280.0,25082.0,11391.0,260.0,54343.0,Liberal,NDP-New-Democratic-Party,Bloc-Québécois,Conservative,Green-Party,Other,241,86225,0.46154978562096316,0.16686601770237197,0.13363266658079237,0.023554091603334375,0.20961301363561083,0.004784424856927295,0.6302464482458684
35001,Ontario,0.0,19374.0,788.0,31458.0,4630.0,57.0,56307.0,Liberal,Conservative,NDP-New-Democratic-Party,Green-Party,Other,,213,85251,0.5586871969737333,0.0,0.3440780009590282,0.01399470758520255,0.08222778695366473,0.0010123075283712504,0.6604849209979942
35002,Ontario,0.0,9820.0,927.0,14111.0,16516.0,0.0,41374.0,NDP-New-Democratic-Party,Liberal,Conservative,Green-Party,,,214,63253,0.34105960264900664,0.0,0.23734712621453086,0.022405375356504085,0.39918789577995845,0.0,0.6541033626863548
35003,Ontario,0.0,23039.0,654.0,24132.0,2912.0,243.0,50980.0,Liberal,Conservative,NDP-New-Democratic-Party,Green-Party,Other,,206,79127,0.473362102785406,0.0,0.45192232247940367,0.012828560219693998,0.05712043938799529,0.004766575127500981,0.6442807132837085
35004,Ontario,0.0,22901.0,1991.0,18308.0,5812.0,329.0,49341.0,Conservative,Liberal,NDP-New-Democratic-Party,Green-Party,Other,,204,77320,0.37105044486329825,0.0,0.46413733000952556,0.04035183721448694,0.11779250521878357,0.006667882693905677,0.6381401965856182
35005,Ontario,0.0,21091.0,2648.0,21005.0,5202.0,589.0,50535.0,Conservative,Liberal,NDP-New-Democratic-Party,Green-Party,Other,,222,76084,0.4156525180567923,0.0,0.4173543088948254,0.05239932719897101,0.10293855743544078,0.011655288413970516,0.6642000946322486
35006,Ontario,0.0,19781.0,1278.0,29281.0,7001.0,372.0,57713.0,Liberal,Conservative,NDP-New-Democratic-Party,Green-Party,Other,,243,85021,0.5073553618768735,0.0,0.34274773447923346,0.022144057664650944,0.121307157832724,0.006445688146518115,0.6788087648933793
35007,Ontario,0.0,9124.0,1433.0,27458.0,17113.0,402.0,55530.0,Liberal,NDP-New-Democratic-Party,Conservative,Green-Party,Other,,196,77440,0.49447145687016025,0.0,0.16430758148748426,0.02580587070052224,0.308175760849991,0.007239330091842248,0.7170712809917356
35008,Ontario,0.0,13345.0,844.0,19277.0,5993.0,173.0,39632.0,Liberal,Conservative,NDP-New-Democratic-Party,Green-Party,Other,,183,65460,0.48639987888574887,0.0,0.3367228502220428,0.02129592248687929,0.15121618893823174,0.004365159467097295,0.605438435685915
35009,Ontario,0.0,10642.0,512.0,23652.0,10400.0,0.0,45206.0,Liberal,Conservative,NDP-New-Democratic-Party,Green-Party,,,181,69251,0.5232048843073929,0.0,0.23541122859797373,0.011325930186258461,0.230057956908375,0.0,0.6527847973314465
35010,Ontario,0.0,15888.0,915.0,23297.0,7946.0,120.0,48166.0,Liberal,Conservative,NDP-New-Democratic-Party,Green-Party,Other,,191,74148,0.48368143503716315,0.0,0.3298592368060458,0.018996802723913134,0.1649711414690861,0.0024913839637918864,0.6495927064789341
35011,Ontario,0.0,15929.0,1011.0,23681.0,4843.0,0.0,45464.0,Liberal,Conservative,NDP-New-Democratic-Party,Green-Party,,,201,73019,0.520873658279078,0.0,0.35036512405419673,0.022237374626077777,0.10652384304064755,0.0,0.6226324655226722
35012,Ontario,0.0,13068.0,674.0,24256.0,5400.0,0.0,43398.0,Liberal,Conservative,NDP-New-Democratic-Party,Green-Party,,,176,71990,0.5589197658878289,0.0,0.3011198672749896,0.015530669616111341,0.1244296972210701,0.0,0.6028337269065148
35013,Ontario,0.0,25874.0,1582.0,19422.0,15715.0,679.0,63272.0,Conservative,Liberal,NDP-New-Democratic-Party,Green-Party,Other,,261,97409,0.3069604248324693,0.0,0.4089328612972563,0.025003160955873054,0.24837210772537616,0.010731445189025161,0.64954983625743
35014,Ontario,0.0,26297.0,1887.0,21879.0,6270.0,0.0,56333.0,Conservative,Liberal,NDP-New-Democratic-Party,Green-Party,,,251,82607,0.38838691353203275,0.0,0.46681341309711893,0.033497239628636856,0.11130243374221149,0.0,0.6819397871851054
35015,Ontario,0.0,29780.0,1710.0,32229.0,6381.0,0.0,70100.0,Liberal,Conservative,NDP-New-Democratic-Party,Green-Party,,,276,96126,0.4597574893009986,0.0,0.4248216833095578,0.024393723252496433,0.09102710413694722,0.0,0.7292511911449556
35016,Ontario,0.0,20613.0,1723.0,23024.0,7397.0,582.0,53339.0,Liberal,Conservative,NDP-New-Democratic-Party,Green-Party,Other,,240,83514,0.43165413674797054,0.0,0.38645268940175104,0.03230281782560603,0.13867901535461857,0.010911340670053806,0.6386833345307373
35017,Ontario,0.0,21677.0,1394.0,19351.0,9549.0,0.0,51971.0,Conservative,Liberal,NDP-New-Democratic-Party,Green-Party,,,265,79755,0.37234226780319796,0.0,0.417097996959843,0.02682265109387928,0.1837370841430798,0.0,0.6516331264497524
35018,Ontario,0.0,5233.0,1530.0,21947.0,20506.0,368.0,49584.0,Liberal,NDP-New-Democratic-Party,Conservative,Green-Party,Other,,200,74413,0.44262262020006454,0.0,0.10553807679896741,0.0308567279767667,0.41356082607292677,0.007421748951274605,0.6663351833684974
35019,Ontario,0.0,12155.0,1078.0,24048.0,4307.0,0.0,41588.0,Liberal,Conservative,NDP-New-Democratic-Party,Green-Party,,,178,63547,0.5782437241511975,0.0,0.29227180917572376,0.025920938732326634,0.10356352794075215,0.0,0.6544447416872551
35020,Ontario,0.0,17279.0,1018.0,23494.0,3896.0,0.0,45687.0,Liberal,Conservative,NDP-New-Democratic-Party,Green-Party,,,219,72787,0.5142381859172194,0.0,0.3782038654321798,0.022282049598354017,0.0852758990522468,0.0,0.6276807671699617
35021,Ontario,0.0,19206.0,848.0,27472.0,3076.0,484.0,51086.0,Liberal,Conservative,NDP-New-Democratic-Party,Green-Party,Other,,187,71037,0.5377598559292174,0.0,0.3759542731863916,0.016599459734565242,0.0602121912069843,0.009474219942841483,0.7191463603474246
35022,Ontario,0.0,27977.0,4433.0,23643.0,4398.0,0.0,60451.0,Conservative,Liberal,Green-Party,NDP-New-Democratic-Party,,,271,92598,0.391110155332418,0.0,0.4628045855320838,0.07333212022960744,0.07275313890589072,0.0,0.652832674571805
35023,Ontario,0.0,28967.0,1616.0,22949.0,10289.0,364.0,64185.0,Conservative,Liberal,NDP-New-Democratic-Party,Green-Party,Other,,282,94069,0.3575445976474254,0.0,0.4513048219989094,0.02517722209238919,0.160302251304822,0.005671106956454,0.6823182982704186
35024,Ontario,0.0,23788.0,799.0,27278.0,3505.0,422.0,55792.0,Liberal,Conservative,NDP-New-Democratic-Party,Green-Party,Other,,209,78535,0.4889231431029538,0.0,0.42636937195296815,0.01432104961284772,0.06282262689991397,0.007563808431316318,0.7104093716177501
35025,Ontario,0.0,28023.0,1783.0,17642.0,8771.0,714.0,56933.0,Conservative,Liberal,NDP-New-Democratic-Party,Green-Party,Other,,224,83446,0.3098730086241723,0.0,0.49221014174556055,0.03131751356858061,0.1540582790297367,0.012541057031949836,0.6822735661385806
35026,Ontario,0.0,21602.0,1141.0,12639.0,25072.0,77.0,60531.0,NDP-New-Democratic-Party,Conservative,Liberal,Green-Party,Other,,235,92489,0.2088021014025871,0.0,0.35687498967471215,0.01884984553369348,0.4142009879235433,0.0012720754654639772,0.6544670176994021
35027,Ontario,0.0,23070.0,856.0,32612.0,4886.0,378.0,61802.0,Liberal,Conservative,NDP-New-Democratic-Party,Green-Party,Other,,239,88440,0.5276851881816123,0.0,0.3732888903271739,0.013850684443869131,0.07905893013171095,0.006116306915633798,0.69880144730891
35028,Ontario,0.0,20932.0,1507.0,34638.0,7030.0,401.0,64508.0,Liberal,Conservative,NDP-New-Democratic-Party,Green-Party,Other,,284,93880,0.5369566565387239,0.0,0.32448688534755377,0.023361443541886278,0.10897873132014634,0.006216283251689713,0.6871325095867065
35029,Ontario,0.0,9673.0,524.0,26251.0,5220.0,396.0,42064.0,Liberal,Conservative,NDP-New-Democratic-Party,Green-Party,Other,,178,69942,0.6240728413845569,0.0,0.22995910992772917,0.012457208063902625,0.12409661468238874,0.009414225941422594,0.6014125990106088
35030,Ontario,0.0,24137.0,1866.0,21728.0,7779.0,0.0,55510.0,Conservative,Liberal,NDP-New-Democratic-Party,Green-Party,,,218,79397,0.3914249684741488,0.0,0.43482255449468565,0.033615564763105746,0.1401369122680598,0.0,0.6991448039598473
35031,Ontario,0.0,23367.0,1153.0,34189.0,5087.0,377.0,64173.0,Liberal,Conservative,NDP-New-Democratic-Party,Green-Party,Other,,263,86010,0.5327630000155829,0.0,0.3641250993408443,0.017967057796892776,0.0792700980162997,0.005874744830380378,0.7461109173351936
35032,Ontario,0.0,18407.0,7909.0,34303.0,8392.0,857.0,69868.0,Liberal,Conservative,NDP-New-Democratic-Party,Green-Party,Other,,255,98453,0.4909686838037442,0.0,0.2634539417186695,0.11319917558825213,0.12011221159901529,0.012265987290318888,0.7096584156907357
35033,Ontario,0.0,24714.0,1857.0,20487.0,7625.0,1307.0,55990.0,Conservative,Liberal,NDP-New-Democratic-Party,Green-Party,Other,,230,83220,0.3659046258260404,0.0,0.44140025004465083,0.03316663689944633,0.13618503304161458,0.023343454188247903,0.6727950012016343
35034,Ontario,0.0,27718.0,2470.0,19634.0,12012.0,0.0,61834.0,Conservative,Liberal,NDP-New-Democratic-Party,Green-Party,,,264,91802,0.3175275738266973,0.0,0.4482647087362939,0.03994566096322412,0.19426205647378464,0.0,0.6735583102764645
35035,Ontario,0.0,6018.0,1778.0,13718.0,18719.0,850.0,41083.0,NDP-New-Democratic-Party,Liberal,Conservative,Green-Party,Other,,200,69598,0.333909402916048,0.0,0.14648394713141688,0.04327824160845119,0.45563858530292334,0.020689823041160578,0.5902899508606569
35036,Ontario,0.0,12715.0,1305.0,19622.0,16465.0,225.0,50332.0,Liberal,NDP-New-Democratic-Party,Conservative,Green-Party,Other,,219,80639,0.3898513867917031,0.0,0.25262258602876897,0.0259278391480569,0.3271278709369785,0.00447031709449257,0.6241644861667431
35037,Ontario,0.0,12991.0,1283.0,16933.0,18146.0,1201.0,50554.0,NDP-New-Democratic-Party,Liberal,Conservative,Green-Party,Other,,209,77581,0.33494876765438936,0.0,0.25697274201843573,0.025378802864263954,0.3589429125291767,0.023756774933734223,0.6516286204096364
35038,Ontario,0.0,19821.0,2633.0,29694.0,10131.0,0.0,62279.0,Liberal,Conservative,NDP-New-Democratic-Party,Green-Party,,,230,86222,0.4767899291896145,0.0,0.3182613722121421,0.04227749321601182,0.16267120538223157,0.0,0.7223098513140498
35039,Ontario,0.0,20879.0,1466.0,21104.0,6348.0,0.0,49797.0,Liberal,Conservative,NDP-New-Democratic-Party,Green-Party,,,224,72972,0.4238006305600739,0.0,0.4192822860814909,0.029439524469345543,0.1274775588890897,0.0,0.6824124321657622
35040,Ontario,0.0,26174.0,1398.0,23129.0,7544.0,0.0,58245.0,Conservative,Liberal,NDP-New-Democratic-Party,Green-Party,,,250,80731,0.3970984633874152,0.0,0.4493776289810284,0.02400206026268349,0.12952184736887287,0.0,0.7214700672604081
35041,Ontario,0.0,24829.0,1704.0,32477.0,4313.0,0.0,63323.0,Liberal,Conservative,NDP-New-Democratic-Party,Green-Party,,,217,80433,0.5128784170048798,0.0,0.3921008164489996,0.02690965368033732,0.06811111286578336,0.0,0.7872763666654234
35042,Ontario,0.0,8751.0,501.0,10918.0,10420.0,162.0,30752.0,Liberal,NDP-New-Democratic-Party,Conservative,Green-Party,Other,,156,44306,0.35503381893860564,0.0,0.2845668574401665,0.01629162330905307,0.3388397502601457,0.005267950052029137,0.6940820656344513
35043,Ontario,0.0,24170.0,1037.0,25908.0,3571.0,0.0,54686.0,Liberal,Conservative,NDP-New-Democratic-Party,Green-Party,,,236,86158,0.4737592802545441,0.0,0.4419778371063892,0.0189628058369601,0.06530007680210657,0.0,0.6347176118294297
35044,Ontario,0.0,14928.0,2933.0,36421.0,11185.0,305.0,65772.0,Liberal,Conservative,NDP-New-Democratic-Party,Green-Party,Other,,265,93872,0.5537462750106428,0.0,0.22696588213829594,0.044593444018731374,0.17005716718360397,0.0046372316487259015,0.7006562127151866
35045,Ontario,0.0,15872.0,1597.0,25504.0,8680.0,627.0,52280.0,Liberal,Conservative,NDP-New-Democratic-Party,Green-Party,Other,,219,77887,0.48783473603672534,0.0,0.3035960214231064,0.030547054322876816,0.1660290742157613,0.011993114001530221,0.6712288315123192
35046,Ontario,0.0,20649.0,1314.0,20398.0,4653.0,685.0,47699.0,Conservative,Liberal,NDP-New-Democratic-Party,Green-Party,Other,,216,69166,0.427639992452672,0.0,0.43290215727793036,0.027547747332229186,0.09754921486823623,0.014360888068932263,0.6896307434288523
35047,Ontario,0.0,17544.0,1767.0,20215.0,7440.0,863.0,47829.0,Liberal,Conservative,NDP-New-Democratic-Party,Green-Party,Other,,198,72953,0.4226515294068452,0.0,0.36680674904346733,0.036944113404001756,0.15555416170106004,0.018043446444625647,0.6556138883938974
35048,Ontario,0.0,28300.0,1873.0,16592.0,9598.0,0.0,56363.0,Conservative,Liberal,NDP-New-Democratic-Party,Green-Party,,,258,81135,0.2943775171655164,0.0,0.5021024430920994,0.03323102035022976,0.17028901939215443,0.0,0.6946817033339496
35049,Ontario,0.0,27399.0,2025.0,19325.0,8073.0,418.0,57240.0,Conservative,Liberal,NDP-New-Democratic-Party,Green-Party,Other,,236,79461,0.33761355695317957,0.0,0.4786687631027254,0.03537735849056604,0.1410377358490566,0.007302585604472397,0.7203533809038396
35050,Ontario,0.0,26738.0,2088.0,22888.0,4722.0,0.0,56436.0,Conservative,Liberal,NDP-New-Democratic-Party,Green-Party,,,239,79669,0.40555673683464455,0.0,0.473775604224254,0.036997661067403785,0.08366999787369764,0.0,0.7083809260816629
35051,Ontario,0.0,14891.0,1604.0,17214.0,20684.0,352.0,54745.0,NDP-New-Democratic-Party,Liberal,Conservative,Green-Party,Other,,238,87298,0.31443967485615126,0.0,0.2720065759430085,0.029299479404511827,0.3778244588546899,0.006429810941638506,0.6271048592178515
35052,Ontario,0.0,19990.0,2286.0,32427.0,9423.0,145.0,64271.0,Liberal,Conservative,NDP-New-Democratic-Party,Green-Party,Other,,253,92950,0.5045354825660096,0.0,0.31102674612189013,0.0355681411523082,0.14661355821443575,0.0022560719453563814,0.6914577729962346
35053,Ontario,0.0,24036.0,1918.0,31167.0,10087.0,819.0,68027.0,Liberal,Conservative,NDP-New-Democratic-Party,Green-Party,Other,,251,93138,0.45815632028459286,0.0,0.3533302953239155,0.02819468740353095,0.14827935966601496,0.012039337321945698,0.7303893147802186
35054,Ontario,0.0,25565.0,1145.0,29416.0,3647.0,0.0,59773.0,Liberal,Conservative,NDP-New-Democratic-Party,Green-Party,,,236,87952,0.4921285530256136,0.0,0.4277014705636324,0.019155806133203956,0.061014170277550066,0.0,0.6796093323631072
35055,Ontario,0.0,13849.0,535.0,23878.0,4595.0,0.0,42857.0,Liberal,Conservative,NDP-New-Democratic-Party,Green-Party,,,195,70864,0.5571551905173018,0.0,0.32314441048136827,0.012483374944583148,0.10721702405674685,0.0,0.6047781666290359
35056,Ontario,0.0,24605.0,1110.0,21596.0,2528.0,0.0,49839.0,Conservative,Liberal,NDP-New-Democratic-Party,Green-Party,,,233,82965,0.43331527518609925,0.0,0.49368968077208614,0.022271714922048998,0.050723329119765646,0.0,0.6007231965286567
35057,Ontario,0.0,22378.0,1131.0,19940.0,5366.0,493.0,49308.0,Conservative,Liberal,NDP-New-Democratic-Party,Green-Party,Other,,191,72329,0.4043968524377383,0.0,0.45384116167761823,0.022937454368459478,0.10882615397095806,0.009998377545225926,0.6817182596192398
35058,Ontario,0.0,17431.0,1129.0,28372.0,4920.0,0.0,51852.0,Liberal,Conservative,NDP-New-Democratic-Party,Green-Party,,,246,83787,0.5471727223636504,0.0,0.3361683252333565,0.021773509218545088,0.09488544318444804,0.0,0.618854953632425
35059,Ontario,0.0,18353.0,766.0,28154.0,4481.0,163.0,51917.0,Liberal,Conservative,NDP-New-Democratic-Party,Green-Party,Other,,228,82765,0.5422886530423561,0.0,0.3535065585453705,0.014754319394418014,0.0863108423059884,0.0031396267118670184,0.6272820636742584
35060,Ontario,0.0,21716.0,905.0,27520.0,5206.0,0.0,55347.0,Liberal,Conservative,NDP-New-Democratic-Party,Green-Party,,,217,83062,0.49722658861365565,0.0,0.3923609229045838,0.016351383092127848,0.09406110538963268,0.0,0.6663335821434591
35061,Ontario,0.0,24435.0,1397.0,28279.0,4735.0,427.0,59273.0,Liberal,Conservative,NDP-New-Democratic-Party,Green-Party,Other,,261,86675,0.47709749801764717,0.0,0.41224503568235116,0.023568909959003258,0.07988460175796737,0.0072039545830310595,0.6838534756273436
35062,Ontario,0.0,11701.0,737.0,26165.0,5450.0,203.0,44256.0,Liberal,Conservative,NDP-New-Democratic-Party,Green-Party,Other,,186,75277,0.591219269703543,0.0,0.26439352856109904,0.01665310918293565,0.123147143890094,0.004586948662328272,0.5879086573588215
35063,Ontario,0.0,22621.0,1293.0,26792.0,5040.0,253.0,55999.0,Liberal,Conservative,NDP-New-Democratic-Party,Green-Party,Other,,211,83361,0.47843711494848123,0.0,0.40395364202932194,0.02308969803032197,0.09000160717155664,0.00451793782031822,0.6717649740286225
35064,Ontario,0.0,23442.0,1513.0,34017.0,5324.0,592.0,64888.0,Liberal,Conservative,NDP-New-Democratic-Party,Green-Party,Other,,218,84049,0.5242417704352115,0.0,0.3612686475157194,0.023317100234249783,0.08204906916533103,0.00912341264948835,0.7720258420683173
35065,Ontario,0.0,24057.0,1331.0,25508.0,4806.0,762.0,56464.0,Liberal,Conservative,NDP-New-Democratic-Party,Green-Party,Other,,229,83351,0.4517568716350241,0.0,0.4260590818928875,0.02357254179654293,0.08511618022102578,0.013495324454519694,0.6774243860301616
35066,Ontario,0.0,16248.0,1316.0,19513.0,17218.0,387.0,54682.0,Liberal,NDP-New-Democratic-Party,Conservative,Green-Party,Other,,237,83799,0.35684503127171646,0.0,0.2971361691232947,0.024066420394279652,0.31487509600965585,0.007077283201053363,0.6525376197806656
35067,Ontario,0.0,27235.0,1633.0,22318.0,13525.0,0.0,64711.0,Conservative,Liberal,NDP-New-Democratic-Party,Green-Party,,,276,103291,0.3448872680069849,0.0,0.4208712583641112,0.025235276846285792,0.20900619678261811,0.0,0.6264921435555857
35068,Ontario,0.0,24732.0,1511.0,16581.0,5802.0,2031.0,50657.0,Conservative,Liberal,NDP-New-Democratic-Party,Other,Green-Party,,190,69414,0.3273190279724421,0.0,0.48822472708608877,0.02982805930078765,0.11453500996900724,0.040093175671674204,0.7297807358746075
35069,Ontario,0.0,8221.0,1217.0,21021.0,18556.0,98.0,49113.0,Liberal,NDP-New-Democratic-Party,Conservative,Green-Party,Other,,211,73466,0.4280129497281779,0.0,0.1673894895445198,0.02477958992527437,0.37782257243499684,0.0019953983670311323,0.6685133258922494
35070,Ontario,0.0,14325.0,1257.0,25357.0,7936.0,0.0,48875.0,Liberal,Conservative,NDP-New-Democratic-Party,Green-Party,,,220,71879,0.5188132992327366,0.0,0.29309462915601026,0.025718670076726343,0.16237340153452687,0.0,0.6799621586276937
35071,Ontario,0.0,25165.0,1990.0,27043.0,9411.0,0.0,63609.0,Liberal,Conservative,NDP-New-Democratic-Party,Green-Party,,,280,89605,0.42514424059488437,0.0,0.39562011665015956,0.031284881070288796,0.14795076168466725,0.0,0.7098822610345404
35072,Ontario,0.0,27497.0,1420.0,31956.0,3830.0,0.0,64703.0,Liberal,Conservative,NDP-New-Democratic-Party,Green-Party,,,253,88425,0.4938874549866312,0.0,0.42497256695980096,0.02194643215925073,0.059193545894317114,0.0,0.7317274526434832
35073,Ontario,0.0,26342.0,968.0,28415.0,4405.0,666.0,60796.0,Liberal,Conservative,NDP-New-Democratic-Party,Green-Party,Other,,236,85747,0.46738272254753604,0.0,0.43328508454503584,0.015922100138166986,0.07245542469899335,0.01095466807026778,0.7090160588708643
35074,Ontario,0.0,23162.0,1522.0,16588.0,19339.0,75.0,60686.0,Conservative,NDP-New-Democratic-Party,Liberal,Green-Party,Other,,270,96372,0.2733414626108163,0.0,0.3816695778268464,0.02507991958606598,0.3186731700886531,0.0012358698876182316,0.6297057236541734
35075,Ontario,0.0,10943.0,2246.0,32211.0,29098.0,1002.0,75500.0,Liberal,NDP-New-Democratic-Party,Conservative,Green-Party,Other,,267,94858,0.426635761589404,0.0,0.14494039735099337,0.029748344370860928,0.3854039735099338,0.013271523178807946,0.7959265428324442
35076,Ontario,0.0,23821.0,1410.0,46542.0,6215.0,0.0,77988.0,Liberal,Conservative,NDP-New-Democratic-Party,Green-Party,,,267,97144,0.5967841206339437,0.0,0.3054444273477971,0.018079704569933835,0.07969174744832538,0.0,0.802808202256444
35077,Ontario,0.0,15711.0,1888.0,38831.0,7480.0,739.0,64649.0,Liberal,Conservative,NDP-New-Democratic-Party,Green-Party,Other,,237,88368,0.6006434747637242,0.0,0.24302000030936285,0.029203854661325,0.11570171232346982,0.011430957942118208,0.7315883577765707
35078,Ontario,0.0,12109.0,1947.0,36474.0,12194.0,631.0,63355.0,Liberal,NDP-New-Democratic-Party,Conservative,Green-Party,Other,,263,86591,0.5757083103148922,0.0,0.19112935048536028,0.030731591823849734,0.19247099676426485,0.009959750611632862,0.731658024506011
35079,Ontario,0.0,18893.0,1772.0,35199.0,6195.0,854.0,62913.0,Liberal,Conservative,NDP-New-Democratic-Party,Green-Party,Other,,242,84557,0.5594869104954461,0.0,0.30030359385182714,0.028165879865846486,0.09846931476801297,0.013574301018867325,0.7440306538784489
35080,Ontario,0.0,25966.0,2004.0,18299.0,9406.0,1175.0,56850.0,Conservative,Liberal,NDP-New-Democratic-Party,Green-Party,Other,,236,84045,0.321882145998241,0.0,0.4567458223394899,0.03525065963060686,0.16545294635004398,0.020668425681618294,0.6764233446368018
35081,Ontario,0.0,7641.0,1743.0,24623.0,23566.0,994.0,58567.0,Liberal,NDP-New-Democratic-Party,Conservative,Green-Party,Other,,231,80262,0.42042447111854797,0.0,0.13046596206054603,0.029760786791196408,0.4023767650724811,0.016972014957228474,0.7296977399018215
35082,Ontario,0.0,22206.0,3704.0,19937.0,5183.0,249.0,51279.0,Conservative,Liberal,NDP-New-Democratic-Party,Green-Party,Other,,222,76070,0.3887946332806802,0.0,0.43304276604457964,0.07223229782172039,0.10107451393357905,0.0048557889194407065,0.6741028000525832
35083,Ontario,0.0,22255.0,1347.0,19480.0,7756.0,1013.0,51851.0,Conservative,Liberal,NDP-New-Democratic-Party,Green-Party,Other,,227,76496,0.3756918863667046,0.0,0.4292106227459451,0.025978283928950262,0.14958245742608628,0.019536749532313744,0.6778262915708011
35084,Ontario,0.0,23335.0,1480.0,29159.0,12437.0,131.0,66542.0,Liberal,Conservative,NDP-New-Democratic-Party,Green-Party,Other,,271,93190,0.4382044423071143,0.0,0.35068077304559525,0.022241591776622285,0.18690451143638603,0.0019686814342821076,0.7140465715205494
35085,Ontario,0.0,22591.0,1365.0,29757.0,5446.0,0.0,59159.0,Liberal,Conservative,NDP-New-Democratic-Party,Green-Party,,,241,86036,0.5030003887827719,0.0,0.38186919995266994,0.023073412329484948,0.09205699893507328,0.0,0.6876075131340369
35086,Ontario,0.0,26195.0,1105.0,18666.0,4893.0,6300.0,57159.0,Conservative,Liberal,Other,NDP-New-Democratic-Party,Green-Party,,235,78959,0.3265627460242482,0.0,0.4582830350426005,0.019332038699067515,0.08560331706292973,0.11021886317115415,0.7239073443179371
35087,Ontario,0.0,21275.0,856.0,23032.0,3950.0,0.0,49113.0,Liberal,Conservative,NDP-New-Democratic-Party,Green-Party,,,237,80834,0.4689593386679698,0.0,0.43318469651619734,0.017429193899782137,0.08042677091605074,0.0,0.607578494197986
35088,Ontario,0.0,27762.0,1932.0,25913.0,3632.0,0.0,59239.0,Conservative,Liberal,NDP-New-Democratic-Party,Green-Party,,,196,74185,0.4374314218673509,0.0,0.46864396765644256,0.032613649791522474,0.06131096068468408,0.0,0.7985307002763362
35089,Ontario,0.0,21637.0,1488.0,24870.0,9511.0,85.0,57591.0,Liberal,Conservative,NDP-New-Democratic-Party,Green-Party,Other,,237,85377,0.4318383080689691,0.0,0.375701064402424,0.02583737042246184,0.16514733204841034,0.0014759250577347156,0.6745493516989353
35090,Ontario,0.0,15376.0,1729.0,31481.0,8386.0,0.0,56972.0,Liberal,Conservative,NDP-New-Democratic-Party,Green-Party,,,207,78885,0.5525696833532261,0.0,0.26988696201642914,0.03034824124131152,0.1471951133890332,0.0,0.7222158838815999
35091,Ontario,0.0,22565.0,1605.0,15853.0,18102.0,0.0,58125.0,Conservative,NDP-New-Democratic-Party,Liberal,Green-Party,,,243,81362,0.2727397849462366,0.0,0.38821505376344084,0.02761290322580645,0.31143225806451613,0.0,0.7143998426784003
35092,Ontario,0.0,13615.0,934.0,19582.0,9543.0,83.0,43757.0,Liberal,Conservative,NDP-New-Democratic-Party,Green-Party,Other,,181,64365,0.44751696871357727,0.0,0.3111502159654455,0.021345156203578856,0.21809081975455355,0.001896839362844802,0.6798259923871669
35093,Ontario,0.0,15802.0,570.0,21587.0,3263.0,334.0,41556.0,Liberal,Conservative,NDP-New-Democratic-Party,Green-Party,Other,,202,70355,0.5194677062277409,0.0,0.3802579651554529,0.013716430840311869,0.07852055058234671,0.008037347194147657,0.5906616445170919
35094,Ontario,0.0,14705.0,960.0,22753.0,5227.0,1384.0,45029.0,Liberal,Conservative,NDP-New-Democratic-Party,Other,Green-Party,,196,71847,0.5052965866441627,0.0,0.32656732328055255,0.021319594039396834,0.11608074796242422,0.030735748073463767,0.626734588778933
35095,Ontario,0.0,11108.0,606.0,25167.0,4720.0,316.0,41917.0,Liberal,Conservative,NDP-New-Democratic-Party,Green-Party,Other,,189,65217,0.6004007920414152,0.0,0.26499988071665437,0.014457141493904622,0.11260347830235942,0.0075387074456664364,0.6427311897204716
35096,Ontario,0.0,10737.0,579.0,18904.0,8648.0,320.0,39188.0,Liberal,Conservative,NDP-New-Democratic-Party,Green-Party,Other,,173,65651,0.4823925691538226,0.0,0.2739869347759518,0.014774931101357558,0.22067979993875675,0.00816576503011126,0.5969139845546907
35097,Ontario,0.0,13587.0,1010.0,29913.0,5145.0,0.0,49655.0,Liberal,Conservative,NDP-New-Democratic-Party,Green-Party,,,204,73347,0.6024166750578995,0.0,0.27362803343067166,0.020340348403987515,0.10361494310744135,0.0,0.6769874705168583
35098,Ontario,0.0,10347.0,1259.0,25586.0,11574.0,0.0,48766.0,Liberal,NDP-New-Democratic-Party,Conservative,Green-Party,,,223,73580,0.5246688266415125,0.0,0.21217651642537833,0.025817167698806546,0.2373374892343026,0.0,0.6627616200054363
35099,Ontario,0.0,30612.0,2923.0,25352.0,6332.0,528.0,65747.0,Conservative,Liberal,NDP-New-Democratic-Party,Green-Party,Other,,273,97975,0.38559934293579934,0.0,0.4656029932924696,0.044458302279951935,0.09630857681719318,0.008030784674585912,0.6710589436080633
35100,Ontario,0.0,24836.0,2543.0,22718.0,6037.0,937.0,57071.0,Conservative,Liberal,NDP-New-Democratic-Party,Green-Party,Other,,271,86859,0.39806556745106975,0.0,0.43517723537348213,0.0445585323544357,0.10578051900264583,0.016418145818366595,0.6570533853716943
35101,Ontario,0.0,8673.0,1137.0,30141.0,15047.0,150.0,55148.0,Liberal,NDP-New-Democratic-Party,Conservative,Green-Party,Other,,274,79917,0.5465474722564735,0.0,0.15726771596431421,0.02061724813229854,0.27284761006745484,0.0027199535794589108,0.6900659434162945
35102,Ontario,0.0,27091.0,1191.0,20452.0,4332.0,0.0,53066.0,Conservative,Liberal,NDP-New-Democratic-Party,Green-Party,,,242,79274,0.38540685184487244,0.0,0.5105152074774809,0.02244374929333283,0.08163419138431387,0.0,0.6693998032141686
35103,Ontario,0.0,10473.0,1509.0,23534.0,13793.0,320.0,49629.0,Liberal,NDP-New-Democratic-Party,Conservative,Green-Party,Other,,223,73050,0.474198553265228,0.0,0.21102581152148944,0.03040560962340567,0.2779221825948538,0.006447842995023071,0.6793839835728953
35104,Ontario,0.0,31911.0,627.0,18395.0,2814.0,744.0,54491.0,Conservative,Liberal,NDP-New-Democratic-Party,Other,Green-Party,,231,81672,0.33757868271824704,0.0,0.5856196436108715,0.011506487309830981,0.051641555486227085,0.013653630874823365,0.6671931628954844
35105,Ontario,0.0,8876.0,2201.0,18523.0,12483.0,0.0,42083.0,Liberal,NDP-New-Democratic-Party,Conservative,Green-Party,,,196,63708,0.4401539814176746,0.0,0.21091652211106623,0.05230140436755935,0.29662809210369984,0.0,0.66056068311672
35106,Ontario,0.0,7775.0,6155.0,20069.0,10339.0,270.0,44608.0,Liberal,NDP-New-Democratic-Party,Conservative,Green-Party,Other,,216,65195,0.4498968794835007,0.0,0.17429609038737445,0.13797973457675752,0.23177456958393114,0.006052725968436155,0.6842242503259452
35107,Ontario,0.0,7605.0,752.0,12940.0,15974.0,0.0,37271.0,NDP-New-Democratic-Party,Liberal,Conservative,Green-Party,,,188,61411,0.34718682085267366,0.0,0.20404604115800487,0.0201765447667087,0.4285905932226128,0.0,0.6069108140235463
35108,Ontario,0.0,6167.0,1315.0,29297.0,13467.0,356.0,50602.0,Liberal,NDP-New-Democratic-Party,Conservative,Green-Party,Other,,244,73351,0.5789692107031342,0.0,0.12187265325481206,0.02598711513378918,0.26613572586063794,0.007035295047626576,0.6898610789218961
35109,Ontario,0.0,5478.0,2618.0,23531.0,22325.0,1629.0,55581.0,Liberal,NDP-New-Democratic-Party,Conservative,Green-Party,Other,,207,78540,0.4233640992425469,0.0,0.09855886004210072,0.04710242708839352,0.4016660369550746,0.029308576671884277,0.7076776165011459
35110,Ontario,0.0,9790.0,1641.0,27849.0,15988.0,657.0,55925.0,Liberal,NDP-New-Democratic-Party,Conservative,Green-Party,Other,,236,77205,0.49797049620026823,0.0,0.17505587840858292,0.02934286991506482,0.2858828788556102,0.011747876620473848,0.7243701832782851
35111,Ontario,0.0,20746.0,597.0,23041.0,2198.0,716.0,47298.0,Liberal,Conservative,NDP-New-Democratic-Party,Other,Green-Party,,195,74742,0.48714533384075437,0.0,0.4386231975982071,0.012622098185969809,0.04647130956911497,0.01513806080595374,0.6328168901019507
35112,Ontario,0.0,19318.0,1713.0,29752.0,8928.0,138.0,59849.0,Liberal,Conservative,NDP-New-Democratic-Party,Green-Party,Other,,232,81988,0.49711774632825945,0.0,0.322778993801066,0.028622032114153956,0.14917542481912813,0.0023058029373924376,0.7299726789286237
35113,Ontario,0.0,32482.0,2547.0,23279.0,5321.0,183.0,63812.0,Conservative,Liberal,NDP-New-Democratic-Party,Green-Party,Other,,257,90117,0.3648059926032721,0.0,0.509026515388955,0.039914122735535636,0.0833855701122046,0.0028677991600325956,0.7081016900251895
35114,Ontario,0.0,27154.0,1403.0,29003.0,6677.0,279.0,64516.0,Liberal,Conservative,NDP-New-Democratic-Party,Green-Party,Other,,254,92465,0.4495473990947982,0.0,0.42088784177568356,0.021746543493086985,0.10349370698741397,0.004324508649017298,0.6977342778348564
35115,Ontario,0.0,16990.0,1025.0,24519.0,3203.0,216.0,45953.0,Liberal,Conservative,NDP-New-Democratic-Party,Green-Party,Other,,255,76301,0.5335669053163015,0.0,0.36972558918895393,0.022305398994624942,0.06970165168759385,0.0047004548125258415,0.6022594723529181
35116,Ontario,0.0,14656.0,1047.0,14177.0,23215.0,249.0,53344.0,NDP-New-Democratic-Party,Conservative,Liberal,Green-Party,Other,,245,87644,0.2657655968806239,0.0,0.27474505098980206,0.019627324535092982,0.43519421115776846,0.004667816436712657,0.6086440600611565
35117,Ontario,0.0,9734.0,1083.0,11842.0,24085.0,161.0,46905.0,NDP-New-Democratic-Party,Liberal,Conservative,Green-Party,Other,,233,86166,0.252467753970792,0.0,0.2075258501225882,0.023089222897345697,0.5134847031233344,0.0034324698859396654,0.5443562426014902
35118,Ontario,0.0,18893.0,772.0,20131.0,3148.0,0.0,42944.0,Liberal,Conservative,NDP-New-Democratic-Party,Green-Party,,,210,65832,0.4687732861400894,0.0,0.439945044709389,0.017976900149031298,0.07330476900149031,0.0,0.652327135739458
35119,Ontario,0.0,24058.0,1483.0,18083.0,4255.0,0.0,47879.0,Conservative,Liberal,NDP-New-Democratic-Party,Green-Party,,,208,76055,0.37768123812109694,0.0,0.5024749890348587,0.030973913406712756,0.08886985943733161,0.0,0.6295312602721714
35120,Ontario,0.0,8399.0,892.0,20093.0,13281.0,1041.0,43706.0,Liberal,NDP-New-Democratic-Party,Conservative,Other,Green-Party,,194,72097,0.4597309293918455,0.0,0.1921704113851645,0.020409097149132843,0.30387132201528394,0.023818240058573192,0.6062110767438312
35121,Ontario,0.0,7228.0,584.0,23995.0,3851.0,201.0,35859.0,Liberal,Conservative,NDP-New-Democratic-Party,Green-Party,Other,,186,62928,0.6691486098329569,0.0,0.2015672495050057,0.01628600909116261,0.10739284419532057,0.005605287375554254,0.5698417238749046
46001,Manitoba,0.0,20666.0,2526.0,15338.0,2576.0,0.0,41106.0,Conservative,Liberal,NDP-New-Democratic-Party,Green-Party,,,196,61327,0.37313287597917577,0.0,0.5027489904150245,0.06145088308276164,0.062667250523038,0.0,0.6702757349943744
46002,Manitoba,0.0,18408.0,1376.0,24531.0,2842.0,0.0,47157.0,Liberal,Conservative,NDP-New-Democratic-Party,Green-Party,,,181,64081,0.5201984859087728,0.0,0.3903556205865513,0.02917912505036368,0.06026676845431219,0.0,0.7358967556686069
46003,Manitoba,0.0,3090.0,537.0,12575.0,13487.0,255.0,29944.0,NDP-New-Democratic-Party,Liberal,Conservative,Green-Party,Other,,158,51994,0.41995057440555705,0.0,0.10319262623563986,0.01793347582153353,0.4504074271974352,0.008515896339834357,0.5759126053006116
46004,Manitoba,0.0,19276.0,1592.0,12276.0,5097.0,3357.0,41598.0,Conservative,Liberal,NDP-New-Democratic-Party,Other,Green-Party,,268,63926,0.2951103418433578,0.0,0.46338766286840716,0.03827107072455407,0.12252992932352517,0.08070099524015578,0.6507211463254388
46005,Manitoba,0.0,14648.0,1016.0,12713.0,14709.0,0.0,43086.0,NDP-New-Democratic-Party,Conservative,Liberal,Green-Party,,,198,65961,0.29506104070927913,0.0,0.33997122034999766,0.02358074548577264,0.34138699345495055,0.0,0.6532041660981489
46006,Manitoba,0.0,17478.0,783.0,18717.0,6270.0,627.0,43875.0,Liberal,Conservative,NDP-New-Democratic-Party,Green-Party,Other,,204,62299,0.4265982905982906,0.0,0.3983589743589744,0.017846153846153845,0.14290598290598291,0.01429059829059829,0.7042649159697587
46007,Manitoba,0.0,25060.0,1637.0,10621.0,2554.0,1315.0,41187.0,Conservative,Liberal,NDP-New-Democratic-Party,Green-Party,Other,,227,63180,0.257872629713259,0.0,0.6084444120717702,0.03974555078058611,0.062009857479301725,0.031927549955082915,0.6518993352326685
46008,Manitoba,0.0,25086.0,1779.0,15509.0,2371.0,0.0,44745.0,Conservative,Liberal,NDP-New-Democratic-Party,Green-Party,,,185,66108,0.3466085596155995,0.0,0.5606436473348978,0.03975863224941334,0.0529891608000894,0.0,0.6768469776728989
46009,Manitoba,0.0,14005.0,1119.0,28530.0,5169.0,0.0,48823.0,Liberal,Conservative,NDP-New-Democratic-Party,Green-Party,,,200,66205,0.5843557339778384,0.0,0.2868525080392438,0.022919525633410483,0.1058722323495074,0.0,0.7374518540895703
46010,Manitoba,0.0,25617.0,1707.0,15508.0,5649.0,882.0,49363.0,Conservative,Liberal,NDP-New-Democratic-Party,Green-Party,Other,,280,72259,0.31416242934991795,0.0,0.5189514413629641,0.03458055628709762,0.1144379393472844,0.017867633652735856,0.6831398164934472
46011,Manitoba,0.0,4189.0,1379.0,18471.0,9490.0,356.0,33885.0,Liberal,NDP-New-Democratic-Party,Conservative,Green-Party,Other,,167,56988,0.5451084550686144,0.0,0.1236240224288033,0.04069647336579608,0.2800649254832522,0.010506123653534013,0.5945988629185092
46012,Manitoba,0.0,5193.0,826.0,23402.0,4543.0,0.0,33964.0,Liberal,Conservative,NDP-New-Democratic-Party,Green-Party,,,166,58573,0.6890236721234249,0.0,0.15289718525497586,0.024319868095630668,0.13375927452596867,0.0,0.5798576135762211
46013,Manitoba,0.0,16709.0,990.0,28096.0,2404.0,0.0,48199.0,Liberal,Conservative,NDP-New-Democratic-Party,Green-Party,,,183,64595,0.5829166580219507,0.0,0.3466669432975788,0.02053984522500467,0.049876553455465884,0.0,0.7461723043579225
46014,Manitoba,0.0,15102.0,1677.0,31993.0,4799.0,0.0,53571.0,Liberal,Conservative,NDP-New-Democratic-Party,Green-Party,,,202,70487,0.5972074443262213,0.0,0.281906255250042,0.03130425043400347,0.08958204998973325,0.0,0.7600124845716232
47001,Saskatchewan,0.0,20547.0,575.0,5550.0,5930.0,1076.0,33678.0,Conservative,NDP-New-Democratic-Party,Liberal,Other,Green-Party,,139,50917,0.1647960092642081,0.0,0.6101015499732764,0.017073460419264802,0.17607933962824396,0.031949640715006826,0.6614293850776755
47002,Saskatchewan,0.0,25050.0,993.0,5381.0,4783.0,0.0,36207.0,Conservative,Liberal,NDP-New-Democratic-Party,Green-Party,,,186,50874,0.1486176706161792,0.0,0.6918551661280968,0.027425635926754496,0.13210152732896954,0.0,0.7116994928647246
47003,Saskatchewan,0.0,9105.0,552.0,10237.0,10319.0,0.0,30213.0,NDP-New-Democratic-Party,Liberal,Conservative,Green-Party,,,189,46824,0.3388276569688545,0.0,0.3013603415748188,0.018270281004865455,0.3415417204514613,0.0,0.6452460276781138
47004,Saskatchewan,0.0,26004.0,902.0,5774.0,7499.0,0.0,40179.0,Conservative,NDP-New-Democratic-Party,Liberal,Green-Party,,,193,56074,0.14370691157072102,0.0,0.6472037631598596,0.02244953831603574,0.1866397869533836,0.0,0.7165352926489995
47005,Saskatchewan,0.0,23273.0,961.0,7545.0,9978.0,208.0,41965.0,Conservative,NDP-New-Democratic-Party,Liberal,Green-Party,Other,,183,58335,0.17979268437984033,0.0,0.5545811986178959,0.02290003574407244,0.23776956987966164,0.004956511378529727,0.7193794463015343
47006,Saskatchewan,0.0,19673.0,761.0,7832.0,11244.0,0.0,39510.0,Conservative,NDP-New-Democratic-Party,Liberal,Green-Party,,,183,57794,0.1982282966337636,0.0,0.4979245760566945,0.019260946595798533,0.28458618071374336,0.0,0.6836349794096273
47007,Saskatchewan,0.0,16711.0,839.0,13143.0,16843.0,298.0,47834.0,NDP-New-Democratic-Party,Conservative,Liberal,Green-Party,Other,,177,64325,0.2747627210770582,0.0,0.34935401597190285,0.01753982522891667,0.35211355939290045,0.006229878329221892,0.7436300038865138
47008,Saskatchewan,0.0,16486.0,852.0,8401.0,11144.0,0.0,36883.0,Conservative,NDP-New-Democratic-Party,Liberal,Green-Party,,,177,54240,0.22777431336930293,0.0,0.4469809939538541,0.02310007320445734,0.30214461947238563,0.0,0.6799963126843658
47009,Saskatchewan,0.0,12931.0,878.0,23552.0,5362.0,0.0,42723.0,Liberal,Conservative,NDP-New-Democratic-Party,Green-Party,,,176,57504,0.5512721484914449,0.0,0.302670692601175,0.0205509912693397,0.1255061676380404,0.0,0.7429570116861436
47010,Saskatchewan,0.0,19166.0,846.0,12165.0,13909.0,0.0,46086.0,Conservative,NDP-New-Democratic-Party,Liberal,Green-Party,,,186,59665,0.26396302564770213,0.0,0.4158746690969058,0.018356984767608383,0.3018053204877837,0.0,0.7724126372245035
47011,Saskatchewan,0.0,18592.0,686.0,11287.0,14115.0,93.0,44773.0,Conservative,NDP-New-Democratic-Party,Liberal,Green-Party,Other,,154,58394,0.25209389587474595,0.0,0.4152502624349496,0.01532173408080763,0.3152569629017488,0.002077144707747973,0.7667397335342672
47012,Saskatchewan,0.0,12401.0,658.0,9234.0,14921.0,501.0,37715.0,NDP-New-Democratic-Party,Conservative,Liberal,Green-Party,Other,,151,57021,0.24483627204030226,0.0,0.3288081665119979,0.017446639268195677,0.3956250828582792,0.013283839321224978,0.6614229845144771
47013,Saskatchewan,0.0,26315.0,994.0,5076.0,5131.0,0.0,37516.0,Conservative,NDP-New-Democratic-Party,Liberal,Green-Party,,,210,52963,0.13530227103102677,0.0,0.7014340548032839,0.026495361978889007,0.1367683121868003,0.0,0.7083435605989087
47014,Saskatchewan,0.0,21683.0,1030.0,6504.0,7396.0,0.0,36613.0,Conservative,NDP-New-Democratic-Party,Liberal,Green-Party,,,207,54475,0.17764182121104527,0.0,0.5922213421462322,0.028132084232376477,0.20200475241034604,0.0,0.6721064708581919
48001,Alberta,0.0,42228.0,2509.0,17380.0,4521.0,0.0,66638.0,Conservative,Liberal,NDP-New-Democratic-Party,Green-Party,,,250,93079,0.2608121492241664,0.0,0.633692487769741,0.037651190011705034,0.06784417299438758,0.0,0.7159294792595537
48002,Alberta,0.0,47552.0,1868.0,5505.0,3844.0,0.0,58769.0,Conservative,Liberal,NDP-New-Democratic-Party,Green-Party,,,253,81746,0.09367183378992326,0.0,0.8091340672803689,0.03178546512617196,0.06540863380353588,0.0,0.7189220267658356
48003,Alberta,0.0,38701.0,919.0,6840.0,2622.0,906.0,49988.0,Conservative,Liberal,NDP-New-Democratic-Party,Green-Party,Other,,213,76093,0.13683283988157158,0.0,0.7742058093942547,0.018384412258942145,0.05245258862126911,0.01812434984396255,0.6569329636103189
48004,Alberta,0.0,27746.0,1347.0,28496.0,3412.0,248.0,61249.0,Liberal,Conservative,NDP-New-Democratic-Party,Green-Party,Other,,224,87697,0.465248412218975,0.0,0.45300331433982594,0.02199219579095169,0.055707031951542064,0.004049045698705285,0.6984161373821225
48005,Alberta,0.0,30669.0,2146.0,29083.0,4770.0,140.0,66808.0,Conservative,Liberal,NDP-New-Democratic-Party,Green-Party,Other,,237,91061,0.43532211711172314,0.0,0.4590617890073045,0.03212190156867441,0.07139863489402466,0.0020955574182732607,0.7336620507132582
48006,Alberta,0.0,19694.0,1229.0,14762.0,4006.0,1356.0,41047.0,Conservative,Liberal,NDP-New-Democratic-Party,Other,Green-Party,,204,75336,0.35963651423977394,0.0,0.479791458571881,0.02994128681755061,0.09759543937437572,0.03303530099641874,0.5448523946055007
48007,Alberta,0.0,37263.0,1246.0,15172.0,4255.0,494.0,58430.0,Conservative,Liberal,NDP-New-Democratic-Party,Green-Party,Other,,208,80767,0.2596611329796337,0.0,0.637737463631696,0.021324661988704433,0.0728221803867876,0.008454561013178163,0.7234390283160201
48008,Alberta,0.0,42415.0,1691.0,14396.0,4915.0,145.0,63562.0,Conservative,Liberal,NDP-New-Democratic-Party,Green-Party,Other,,231,87848,0.22648752399232247,0.0,0.6673012177086939,0.02660394575375224,0.07732607532802618,0.0022812372172052483,0.7235452144613423
48009,Alberta,0.0,32760.0,1384.0,14671.0,4836.0,911.0,54562.0,Conservative,Liberal,NDP-New-Democratic-Party,Green-Party,Other,,208,82243,0.2688867710127928,0.0,0.6004178732451156,0.025365639089476193,0.08863311462189802,0.01669660203071735,0.6634242427926997
48010,Alberta,0.0,38229.0,1360.0,20038.0,3665.0,0.0,63292.0,Conservative,Liberal,NDP-New-Democratic-Party,Green-Party,,,221,88007,0.31659609429311764,0.0,0.6040099854641977,0.021487707767174367,0.05790621247551033,0.0,0.7191700660174759
48011,Alberta,0.0,43706.0,1734.0,16379.0,4532.0,0.0,66351.0,Conservative,Liberal,NDP-New-Democratic-Party,Green-Party,,,248,98085,0.24685385299392623,0.0,0.6587089870536993,0.026133743274404306,0.06830341667797019,0.0,0.6764642911760208
48012,Alberta,0.0,37858.0,1586.0,19108.0,3128.0,839.0,62519.0,Conservative,Liberal,NDP-New-Democratic-Party,Green-Party,Other,,232,85530,0.3056350869335722,0.0,0.6055439146499464,0.025368288040435706,0.050032790031830324,0.013419920344215358,0.7309598971121244
48013,Alberta,0.0,17885.0,846.0,20644.0,3605.0,2013.0,44993.0,Liberal,Conservative,NDP-New-Democratic-Party,Other,Green-Party,,183,74604,0.45882692863334296,0.0,0.3975062787544729,0.0188029248994288,0.08012357477829885,0.04474029293445647,0.6030909870784409
48014,Alberta,0.0,18703.0,1403.0,19902.0,13084.0,420.0,53512.0,Liberal,Conservative,NDP-New-Democratic-Party,Green-Party,Other,,209,80173,0.37191657945881296,0.0,0.34951039019285396,0.026218418298699357,0.2445059052175213,0.007848706832112423,0.667456625048333
48015,Alberta,0.0,19157.0,1129.0,10397.0,16309.0,950.0,47942.0,Conservative,NDP-New-Democratic-Party,Liberal,Green-Party,Other,,238,81625,0.21686621334112052,0.0,0.39958700095949273,0.02354928872387468,0.3401818864461224,0.01981561052938968,0.587344563552833
48016,Alberta,0.0,22166.0,1079.0,13509.0,11582.0,665.0,49001.0,Conservative,Liberal,NDP-New-Democratic-Party,Green-Party,Other,,194,81361,0.2756882512601784,0.0,0.45235811514050733,0.022019958776351503,0.23636252321381196,0.013571151609150834,0.6022664421528743
48017,Alberta,0.0,20331.0,1096.0,20423.0,6330.0,1337.0,49517.0,Liberal,Conservative,NDP-New-Democratic-Party,Other,Green-Party,,194,74651,0.41244421107902335,0.0,0.41058626330351194,0.022133812630005856,0.12783488498899367,0.027000827998465173,0.6633132844837979
48018,Alberta,0.0,28805.0,1275.0,17428.0,9846.0,386.0,57740.0,Conservative,Liberal,NDP-New-Democratic-Party,Green-Party,Other,,208,82290,0.30183581572566676,0.0,0.4988742639418081,0.02208174575684101,0.17052303429165225,0.006685140284031867,0.7016648438449387
48019,Alberta,0.0,17395.0,1278.0,11524.0,24446.0,961.0,55604.0,NDP-New-Democratic-Party,Conservative,Liberal,Green-Party,Other,,214,78635,0.20725127688655492,0.0,0.312837205956406,0.02298395798863391,0.4396446298827422,0.017282929285662902,0.7071151522858777
48020,Alberta,0.0,26370.0,1037.0,18649.0,6955.0,446.0,53457.0,Conservative,Liberal,NDP-New-Democratic-Party,Green-Party,Other,,216,81144,0.34885983126625136,0.0,0.49329367529042034,0.019398769104139776,0.130104570028247,0.008343154310941504,0.6587917775805975
48021,Alberta,0.0,44949.0,1595.0,14660.0,6645.0,495.0,68344.0,Conservative,Liberal,NDP-New-Democratic-Party,Green-Party,Other,,274,100871,0.2145031019548168,0.0,0.6576875804752429,0.02333782043778532,0.09722872527215264,0.007242771860002341,0.677538638459022
48022,Alberta,0.0,46166.0,1983.0,8149.0,3919.0,769.0,60986.0,Conservative,Liberal,NDP-New-Democratic-Party,Green-Party,Other,,234,83675,0.13362083101039582,0.0,0.7569934083232217,0.032515659331649883,0.06426064998524252,0.012609451349490047,0.7288437406632805
48023,Alberta,0.0,28625.0,743.0,13403.0,3663.0,832.0,47266.0,Conservative,Liberal,NDP-New-Democratic-Party,Other,Green-Party,,252,77960,0.2835653535310794,0.0,0.6056150298311683,0.015719544704438707,0.07749756696145221,0.01760250497186138,0.6062852744997435
48024,Alberta,0.0,38895.0,1673.0,7819.0,4343.0,613.0,53343.0,Conservative,Liberal,NDP-New-Democratic-Party,Green-Party,Other,,222,82665,0.1465796824325591,0.0,0.7291490917271245,0.0313630654443882,0.08141649326059652,0.01149166713533172,0.6452912357103974
48025,Alberta,0.0,39882.0,1283.0,7500.0,5513.0,601.0,54779.0,Conservative,Liberal,NDP-New-Democratic-Party,Green-Party,Other,,236,79721,0.13691378082841965,0.0,0.7280527209332043,0.02342138410704832,0.100640756494277,0.010971357637050694,0.6871338794044229
48026,Alberta,0.0,32321.0,1461.0,10532.0,11674.0,955.0,56943.0,Conservative,NDP-New-Democratic-Party,Liberal,Green-Party,Other,,243,84335,0.18495688671127267,0.0,0.5676026904097079,0.025657236183551972,0.2050120295734331,0.016771157122034315,0.6752000948597854
48027,Alberta,0.0,34849.0,1319.0,9085.0,4897.0,500.0,50650.0,Conservative,Liberal,NDP-New-Democratic-Party,Green-Party,Other,,222,77892,0.17936821322803553,0.0,0.688035538005923,0.02604146100691017,0.09668311944718658,0.009871668311944718,0.6502593334360397
48028,Alberta,0.0,34342.0,1247.0,6360.0,7127.0,443.0,49519.0,Conservative,NDP-New-Democratic-Party,Liberal,Green-Party,Other,,236,77515,0.12843554999091258,0.0,0.6935115814131949,0.025182253276520124,0.14392455421151476,0.00894606110785759,0.6388311939624589
48029,Alberta,0.0,46245.0,1621.0,8356.0,5233.0,757.0,62212.0,Conservative,Liberal,NDP-New-Democratic-Party,Green-Party,Other,,238,88322,0.1343149231659487,0.0,0.7433453353050858,0.026056066353758116,0.08411560470648749,0.012168070468719861,0.704377165372161
48030,Alberta,0.0,43599.0,1773.0,9235.0,7055.0,0.0,61662.0,Conservative,Liberal,NDP-New-Democratic-Party,Green-Party,,,244,89092,0.1497680905582044,0.0,0.7070643183808505,0.02875352729395738,0.11441406376698778,0.0,0.6921160149059399
48031,Alberta,0.0,26783.0,821.0,13343.0,6609.0,11652.0,59208.0,Conservative,Liberal,Other,NDP-New-Democratic-Party,Green-Party,,226,85187,0.22535805972165923,0.0,0.4523544115660046,0.013866369409539251,0.11162342926631537,0.19679773003648154,0.6950356275018489
48032,Alberta,0.0,42642.0,1648.0,13615.0,6540.0,2241.0,66686.0,Conservative,Liberal,NDP-New-Democratic-Party,Other,Green-Party,,269,90289,0.2041657919203431,0.0,0.6394445610772875,0.024712833278349278,0.09807155924781813,0.0336052544762019,0.7385838806499131
48033,Alberta,0.0,43220.0,1875.0,9586.0,6166.0,690.0,61537.0,Conservative,Liberal,NDP-New-Democratic-Party,Green-Party,Other,,246,86994,0.15577619968474252,0.0,0.7023416806149146,0.030469473649999187,0.10019987974714399,0.0112127663031997,0.7073706232613743
48034,Alberta,0.0,37950.0,1538.0,7467.0,4753.0,817.0,52525.0,Conservative,Liberal,NDP-New-Democratic-Party,Green-Party,Other,,250,76011,0.14216087577344122,0.0,0.7225130890052356,0.029281294621608757,0.09049024274155164,0.01555449785816278,0.6910184052308218
59001,British-Columbia,0.0,23229.0,2416.0,15777.0,6593.0,109.0,48124.0,Conservative,Liberal,NDP-New-Democratic-Party,Green-Party,Other,,186,69299,0.3278405785055274,0.0,0.4826905494140138,0.05020364059512925,0.13700024935583077,0.002264982129498795,0.6944400352097433
59002,British-Columbia,0.0,14612.0,2765.0,18938.0,15537.0,628.0,52480.0,Liberal,NDP-New-Democratic-Party,Conservative,Green-Party,Other,,194,74982,0.36086128048780486,0.0,0.2784298780487805,0.05268673780487805,0.29605564024390246,0.011966463414634147,0.6999013096476487
59003,British-Columbia,0.0,12441.0,1306.0,15547.0,16094.0,499.0,45887.0,NDP-New-Democratic-Party,Liberal,Conservative,Green-Party,Other,,199,75950,0.33881055636672697,0.0,0.2711225401529845,0.028461219953363696,0.3507311438969643,0.010874539629960555,0.6041737985516787
59004,British-Columbia,0.0,19688.0,1860.0,16921.0,13879.0,1386.0,53734.0,Conservative,Liberal,NDP-New-Democratic-Party,Green-Party,Other,,231,79517,0.31490304090519966,0.0,0.36639743923772655,0.03461495514943983,0.25829084006401903,0.025793724643614842,0.6757548700277928
59005,British-Columbia,0.0,24517.0,2436.0,23059.0,11961.0,0.0,61973.0,Conservative,Liberal,NDP-New-Democratic-Party,Green-Party,,,237,87600,0.37208139028286513,0.0,0.3956077646717119,0.039307440336920914,0.19300340470850208,0.0,0.7074543378995434
59006,British-Columbia,0.0,21445.0,2386.0,17114.0,9218.0,498.0,50661.0,Conservative,Liberal,NDP-New-Democratic-Party,Green-Party,Other,,203,72874,0.3378140976293401,0.0,0.4233039221491877,0.04709737273247666,0.18195456070744753,0.009830046781547936,0.6951862118176578
59007,British-Columbia,0.0,18800.0,2195.0,24617.0,8463.0,0.0,54075.0,Liberal,Conservative,NDP-New-Democratic-Party,Green-Party,,,193,78189,0.4552380952380952,0.0,0.34766527970411465,0.04059177068885807,0.15650485436893205,0.0,0.6915934466485055
59008,British-Columbia,0.0,18083.0,2076.0,19938.0,15400.0,1014.0,56511.0,Liberal,Conservative,NDP-New-Democratic-Party,Green-Party,Other,,214,85122,0.3528162658597441,0.0,0.3199907982516678,0.03673621064925413,0.27251331599157685,0.017943409247757072,0.6638824275745401
59009,British-Columbia,0.0,19714.0,8201.0,15212.0,26582.0,140.0,69849.0,NDP-New-Democratic-Party,Conservative,Liberal,Green-Party,Other,,273,92266,0.2177840770805595,0.0,0.2822373978152873,0.11741041389282596,0.3805637875989635,0.0020043236123638134,0.7570394294756465
59010,British-Columbia,0.0,14091.0,10462.0,14685.0,22200.0,340.0,61778.0,NDP-New-Democratic-Party,Liberal,Conservative,Green-Party,Other,,232,81888,0.23770597947489397,0.0,0.2280909061478196,0.16934831169672052,0.3593512253553045,0.00550357732526142,0.7544206721375537
59011,British-Columbia,0.0,18255.0,1768.0,27355.0,8311.0,0.0,55689.0,Liberal,Conservative,NDP-New-Democratic-Party,Green-Party,,,214,75044,0.4912101133078346,0.0,0.3278026181112967,0.031747741923898794,0.14923952665696996,0.0,0.7420846436757103
59012,British-Columbia,0.0,14275.0,1154.0,22871.0,10463.0,0.0,48763.0,Liberal,Conservative,NDP-New-Democratic-Party,Green-Party,,,208,75150,0.46902364497672416,0.0,0.2927424481676681,0.02366548407604126,0.21456842277956648,0.0,0.6488755821689953
59013,British-Columbia,0.0,24595.0,2489.0,21215.0,21466.0,0.0,69765.0,Conservative,NDP-New-Democratic-Party,Liberal,Green-Party,,,286,95347,0.30409230989751307,0.0,0.3525406722568623,0.03567691535870422,0.30769010248692036,0.0,0.7316958058460151
59014,British-Columbia,0.0,25502.0,0.0,29614.0,9039.0,0.0,64155.0,Liberal,Conservative,NDP-New-Democratic-Party,,,,237,91131,0.46160081053698077,0.0,0.39750604005923157,0.0,0.1408931494037877,0.0,0.7039865687855944
59015,British-Columbia,0.0,23247.0,4115.0,12315.0,23529.0,0.0,63206.0,NDP-New-Democratic-Party,Conservative,Liberal,Green-Party,,,277,86895,0.19483909755402967,0.0,0.3677973610100307,0.06510457867923931,0.37225896275670034,0.0,0.7273836239139191
59016,British-Columbia,0.0,27333.0,2644.0,21894.0,7490.0,535.0,59896.0,Conservative,Liberal,NDP-New-Democratic-Party,Green-Party,Other,,216,83065,0.36553359155870174,0.0,0.45634099105115533,0.04414318151462535,0.1250500868171497,0.008932149058367837,0.7210738578221875
59017,British-Columbia,0.0,15587.0,2293.0,16625.0,9174.0,972.0,44651.0,Liberal,Conservative,NDP-New-Democratic-Party,Green-Party,Other,,197,63744,0.37233208662739914,0.0,0.34908512687285836,0.0513538330608497,0.20546012407336903,0.02176882936552373,0.7004737700803213
59018,British-Columbia,0.0,16637.0,14074.0,16753.0,23651.0,126.0,71241.0,NDP-New-Democratic-Party,Liberal,Conservative,Green-Party,Other,,259,95200,0.23515952892295167,0.0,0.2335312530705633,0.19755477884925815,0.331985794696874,0.0017686444603528867,0.7483298319327731
59019,British-Columbia,0.0,10512.0,2487.0,15253.0,22876.0,1514.0,52642.0,NDP-New-Democratic-Party,Liberal,Conservative,Green-Party,Other,,199,80394,0.2897496295733445,0.0,0.19968846168458645,0.047243645758139885,0.4345579575244102,0.028760305459519016,0.654800109460905
59020,British-Columbia,0.0,27490.0,3608.0,20949.0,17907.0,0.0,69954.0,Conservative,Liberal,NDP-New-Democratic-Party,Green-Party,,,284,97554,0.29946822197444034,0.0,0.3929725248020127,0.0515767504360008,0.2559825027875461,0.0,0.7170797712036411
59021,British-Columbia,0.0,17301.0,5350.0,36458.0,5015.0,230.0,64354.0,Liberal,Conservative,Green-Party,NDP-New-Democratic-Party,Other,,210,85219,0.5665226714734127,0.0,0.268841097678466,0.0831339155297262,0.07792833390309849,0.0035739814152966403,0.7551602342200683
59022,British-Columbia,0.0,16373.0,2202.0,17673.0,15450.0,452.0,52150.0,Liberal,Conservative,NDP-New-Democratic-Party,Green-Party,Other,,190,72635,0.33888782358581016,0.0,0.31395973154362417,0.04222435282837968,0.2962607861936721,0.008667305848513902,0.7179734287877745
59023,British-Columbia,0.0,16112.0,1878.0,16888.0,19706.0,83.0,54667.0,NDP-New-Democratic-Party,Liberal,Conservative,Green-Party,Other,,213,79555,0.30892494557960015,0.0,0.2947299101834745,0.034353449064334976,0.36047341174748937,0.0015182834251010664,0.6871598265351015
59024,British-Columbia,0.0,27237.0,2672.0,12913.0,8014.0,1023.0,51859.0,Conservative,Liberal,NDP-New-Democratic-Party,Green-Party,Other,,236,78250,0.24900210185310168,0.0,0.5252125956921653,0.051524325575117144,0.154534410613394,0.019726566266221872,0.6627348242811502
59025,British-Columbia,0.0,17622.0,1152.0,16486.0,4602.0,0.0,39862.0,Conservative,Liberal,NDP-New-Democratic-Party,Green-Party,,,192,69678,0.4135768400983393,0.0,0.4420751592995836,0.028899703978726606,0.11544829662335056,0.0,0.5720887511122592
59026,British-Columbia,0.0,11912.0,13575.0,18622.0,23836.0,136.0,68081.0,NDP-New-Democratic-Party,Liberal,Green-Party,Conservative,Other,,230,91056,0.27352712210455193,0.0,0.17496805276068214,0.1993948385011971,0.3501123661520835,0.0019976204814852894,0.7476827446845897
59027,British-Columbia,0.0,13260.0,37070.0,11380.0,6181.0,249.0,68140.0,Green-Party,Conservative,Liberal,NDP-New-Democratic-Party,Other,,241,86863,0.1670090989140006,0.0,0.1945993542706193,0.5440270032286469,0.0907103023187555,0.003654241267977693,0.7844536799327677
59028,British-Columbia,0.0,10936.0,1605.0,8257.0,22531.0,780.0,44109.0,NDP-New-Democratic-Party,Conservative,Liberal,Green-Party,Other,,233,64846,0.18719535695663017,0.0,0.24793126119386066,0.03638713187784806,0.510802784012333,0.01768346595932803,0.68021157820066
59029,British-Columbia,0.0,19871.0,2792.0,18732.0,24823.0,376.0,66594.0,NDP-New-Democratic-Party,Conservative,Liberal,Green-Party,Other,,280,91999,0.2812866023966123,0.0,0.2983902453674505,0.041925699011922994,0.37275129891581826,0.005646154308195934,0.7238556940836314
59030,British-Columbia,0.0,24934.0,1938.0,23495.0,5895.0,369.0,56631.0,Conservative,Liberal,NDP-New-Democratic-Party,Green-Party,Other,,210,76833,0.41487877664176864,0.0,0.44028888771167735,0.03422153943952959,0.10409493033850718,0.006515865868517243,0.737066104408262
59031,British-Columbia,0.0,16630.0,1587.0,19486.0,5248.0,274.0,43225.0,Liberal,Conservative,NDP-New-Democratic-Party,Green-Party,Other,,189,72225,0.45080393290919607,0.0,0.38473105841526894,0.036714864083285136,0.12141122035858878,0.006338924233661076,0.5984769816545518
59032,British-Columbia,0.0,8556.0,1493.0,19471.0,12992.0,686.0,43198.0,Liberal,NDP-New-Democratic-Party,Conservative,Green-Party,Other,,178,71966,0.4507384601138942,0.0,0.19806472521876012,0.03456178526783647,0.3007546645678041,0.01588036483170517,0.6002556762915822
59033,British-Columbia,0.0,6978.0,975.0,24869.0,11602.0,0.0,44424.0,Liberal,NDP-New-Democratic-Party,Conservative,Green-Party,,,166,65954,0.5598100126057987,0.0,0.15707725553754728,0.021947595894111292,0.26116513596254276,0.0,0.6735603602510841
59034,British-Columbia,0.0,9818.0,3370.0,32554.0,11618.0,688.0,58048.0,Liberal,NDP-New-Democratic-Party,Conservative,Green-Party,Other,,231,88470,0.5608117420066152,0.0,0.1691358875413451,0.05805540242557883,0.20014470782800442,0.011852260198456449,0.6561320221544026
59035,British-Columbia,0.0,6322.0,5395.0,16532.0,29316.0,1143.0,58708.0,NDP-New-Democratic-Party,Liberal,Conservative,Green-Party,Other,,230,89324,0.2815970566192001,0.0,0.10768549431082647,0.09189548272807795,0.4993527287592832,0.01946923758261225,0.6572477721552998
59036,British-Columbia,0.0,14028.0,1691.0,23643.0,14462.0,0.0,53824.0,Liberal,NDP-New-Democratic-Party,Conservative,Green-Party,,,207,80488,0.4392650118906064,0.0,0.2606272294887039,0.03141721165279429,0.26869054696789535,0.0,0.6687208031010834
59037,British-Columbia,0.0,15840.0,4940.0,15416.0,24340.0,0.0,60536.0,NDP-New-Democratic-Party,Conservative,Liberal,Green-Party,,,282,81377,0.2546583850931677,0.0,0.2616624818289943,0.0816043346108101,0.40207479846702787,0.0,0.7438956953438932
59038,British-Columbia,0.0,9538.0,1476.0,12625.0,20763.0,994.0,45396.0,NDP-New-Democratic-Party,Liberal,Conservative,Green-Party,Other,,182,72438,0.27810820336593534,0.0,0.21010661732311217,0.03251387787470262,0.45737509912767643,0.02189620230857344,0.6266876501283857
59039,British-Columbia,0.0,13683.0,2229.0,31102.0,5748.0,210.0,52972.0,Liberal,Conservative,NDP-New-Democratic-Party,Green-Party,Other,,204,76038,0.5871403760477233,0.0,0.2583062750132145,0.04207883410103451,0.10851015630899342,0.0039643585290342065,0.6966516741629185
59040,British-Columbia,0.0,15115.0,1149.0,21773.0,6230.0,344.0,44611.0,Liberal,Conservative,NDP-New-Democratic-Party,Green-Party,Other,,189,70992,0.4880634821008272,0.0,0.33881778036807064,0.025755979466947614,0.13965165542130864,0.0077111026428459345,0.6283947487040793
59041,British-Columbia,0.0,8480.0,23666.0,8489.0,30397.0,863.0,71895.0,NDP-New-Democratic-Party,Green-Party,Liberal,Conservative,Other,,267,94627,0.11807497044300716,0.0,0.11794978788511024,0.32917449057653525,0.42279713471034147,0.01200361638500591,0.7597725807644753
59042,British-Columbia,0.0,17411.0,5907.0,36300.0,6554.0,286.0,66458.0,Liberal,Conservative,NDP-New-Democratic-Party,Green-Party,Other,,247,90554,0.5462096361611845,0.0,0.26198501309097477,0.08888320442986548,0.09861867645731139,0.004303469860663878,0.7339046314906023
60001,Yukon,0.0,4928.0,533.0,10887.0,3943.0,0.0,20291.0,Liberal,Conservative,NDP-New-Democratic-Party,Green-Party,,,87,26879,0.5365432950569218,0.0,0.24286629540190233,0.02626780345966192,0.19432260608151397,0.0,0.7549015960415194
61001,Northwest-Territories,0.0,3481.0,537.0,9172.0,5783.0,0.0,18973.0,Liberal,NDP-New-Democratic-Party,Conservative,Green-Party,,,93,30110,0.48342381278659147,0.0,0.18347124861645497,0.028303378485215833,0.30480156011173776,0.0,0.6301228827632016
62001,Nunavut,0.0,2956.0,182.0,5619.0,3171.0,0.0,11928.0,Liberal,NDP-New-Democratic-Party,Conservative,Green-Party,,,61,20252,0.4710764587525151,0.0,0.2478202548625084,0.015258215962441314,0.2658450704225352,0.0,0.5889788662848113
